
(rasa_env) ~/IdeaProjects/architecture-virtual_assistant git:[main]
rasa train
/Users/serdukandrejanatolevic/IdeaProjects/architecture-virtual_assistant/rasa_env/lib/python3.9/site-packages/rasa/core/tracker_store.py:1044: MovedIn20Warning: Deprecated API features detected! These feature(s) are not compatible with SQLAlchemy 2.0. To prevent incompatible upgrades prior to updating applications, ensure requirements files are pinned to "sqlalchemy<2.0". Set environment variable SQLALCHEMY_WARN_20=1 to show all deprecation warnings.  Set environment variable SQLALCHEMY_SILENCE_UBER_WARNING=1 to silence this message. (Background on SQLAlchemy 2.0 at: https://sqlalche.me/e/b8d9)
  Base: DeclarativeMeta = declarative_base()
/Users/serdukandrejanatolevic/IdeaProjects/architecture-virtual_assistant/rasa_env/lib/python3.9/site-packages/rasa/shared/utils/validation.py:134: DeprecationWarning: pkg_resources is deprecated as an API. See https://setuptools.pypa.io/en/latest/pkg_resources.html
  import pkg_resources
/Users/serdukandrejanatolevic/IdeaProjects/architecture-virtual_assistant/rasa_env/lib/python3.9/site-packages/pkg_resources/__init__.py:3117: DeprecationWarning: Deprecated call to `pkg_resources.declare_namespace('mpl_toolkits')`.
Implementing implicit namespace packages (as specified in PEP 420) is preferred to `pkg_resources.declare_namespace`. See https://setuptools.pypa.io/en/latest/references/keywords.html#keyword-namespace-packages
  declare_namespace(pkg)
/Users/serdukandrejanatolevic/IdeaProjects/architecture-virtual_assistant/rasa_env/lib/python3.9/site-packages/pkg_resources/__init__.py:3117: DeprecationWarning: Deprecated call to `pkg_resources.declare_namespace('ruamel')`.
Implementing implicit namespace packages (as specified in PEP 420) is preferred to `pkg_resources.declare_namespace`. See https://setuptools.pypa.io/en/latest/references/keywords.html#keyword-namespace-packages
  declare_namespace(pkg)
2025-05-13 22:33:20 INFO     rasa.cli.train  - Started validating domain and training data...
/Users/serdukandrejanatolevic/IdeaProjects/architecture-virtual_assistant/rasa_env/lib/python3.9/site-packages/tensorflow/lite/python/util.py:52: DeprecationWarning: jax.xla_computation is deprecated. Please use the AOT APIs.
  from jax import xla_computation as _xla_computation
2025-05-13 22:33:24 INFO     rasa.validator  - Validating intents...
/Users/serdukandrejanatolevic/IdeaProjects/architecture-virtual_assistant/rasa_env/lib/python3.9/site-packages/rasa/shared/utils/io.py:100: UserWarning: The intent 'inform' is listed in the domain file, but is not found in the NLU training data.
/Users/serdukandrejanatolevic/IdeaProjects/architecture-virtual_assistant/rasa_env/lib/python3.9/site-packages/rasa/shared/utils/io.py:100: UserWarning: The intent 'affirm' is not used in any story or rule.
/Users/serdukandrejanatolevic/IdeaProjects/architecture-virtual_assistant/rasa_env/lib/python3.9/site-packages/rasa/shared/utils/io.py:100: UserWarning: The intent 'deny' is not used in any story or rule.
/Users/serdukandrejanatolevic/IdeaProjects/architecture-virtual_assistant/rasa_env/lib/python3.9/site-packages/rasa/shared/utils/io.py:100: UserWarning: The intent 'inform' is not used in any story or rule.
2025-05-13 22:33:24 INFO     rasa.validator  - Validating uniqueness of intents and stories...
2025-05-13 22:33:24 INFO     rasa.validator  - Validating utterances...
/Users/serdukandrejanatolevic/IdeaProjects/architecture-virtual_assistant/rasa_env/lib/python3.9/site-packages/rasa/shared/utils/io.py:100: UserWarning: The utterance 'utter_acknowledge' is not used in any story or rule.
2025-05-13 22:33:24 INFO     rasa.validator  - Story structure validation...
Processed story blocks: 100%|███████████████████████████████████████████████████████████████████████████████████████████████████████████████████████████████████| 3/3 [00:00<00:00, 2732.45it/s, # trackers=1]
2025-05-13 22:33:24 INFO     rasa.core.training.story_conflict  - Considering all preceding turns for conflict analysis.
2025-05-13 22:33:24 INFO     rasa.validator  - No story structure conflicts found.
/Users/serdukandrejanatolevic/IdeaProjects/architecture-virtual_assistant/rasa_env/lib/python3.9/site-packages/rasa/engine/recipes/recipe.py:35: FutureWarning: From Rasa Open Source 4.0.0 onwards it will be required to specify a recipe in your model configuration. Defaulting to recipe 'default.v1'.
  rasa.shared.utils.io.raise_deprecation_warning(
2025-05-13 22:33:25 INFO     rasa.engine.training.hooks  - Restored component 'RegexFeaturizer' from cache.
2025-05-13 22:33:25 INFO     rasa.engine.training.hooks  - Restored component 'LexicalSyntacticFeaturizer' from cache.
2025-05-13 22:33:25 INFO     rasa.engine.training.hooks  - Starting to train component 'CountVectorsFeaturizer'.
2025-05-13 22:33:25 INFO     rasa.nlu.featurizers.sparse_featurizer.count_vectors_featurizer  - 994 vocabulary items were created for text attribute.
2025-05-13 22:33:25 INFO     rasa.engine.training.hooks  - Finished training component 'CountVectorsFeaturizer'.
Some weights of the PyTorch model were not used when initializing the TF 2.0 model TFBertModel: ['cls.predictions.transform.LayerNorm.weight', 'cls.predictions.transform.LayerNorm.bias', 'cls.predictions.transform.dense.bias', 'cls.predictions.transform.dense.weight', 'cls.seq_relationship.bias', 'cls.seq_relationship.weight', 'cls.predictions.bias']
- This IS expected if you are initializing TFBertModel from a PyTorch model trained on another task or with another architecture (e.g. initializing a TFBertForSequenceClassification model from a BertForPreTraining model).
- This IS NOT expected if you are initializing TFBertModel from a PyTorch model that you expect to be exactly identical (e.g. initializing a TFBertForSequenceClassification model from a BertForSequenceClassification model).
All the weights of TFBertModel were initialized from the PyTorch model.
If your task is similar to the task the model of the checkpoint was trained on, you can already use TFBertModel for predictions without further training.
2025-05-13 22:33:28 INFO     rasa.engine.training.hooks  - Starting to train component 'DIETClassifier'.
/Users/serdukandrejanatolevic/IdeaProjects/architecture-virtual_assistant/rasa_env/lib/python3.9/site-packages/rasa/utils/train_utils.py:530: UserWarning: constrain_similarities is set to `False`. It is recommended to set it to `True` when using cross-entropy loss.
  rasa.shared.utils.io.raise_warning(
2025-05-13 22:33:29 WARNING  absl  - At this time, the v2.11+ optimizer `tf.keras.optimizers.Adam` runs slowly on M1/M2 Macs, please use the legacy Keras optimizer instead, located at `tf.keras.optimizers.legacy.Adam`.
2025-05-13 22:33:29 WARNING  absl  - There is a known slowdown when using v2.11+ Keras optimizers on M1/M2 Macs. Falling back to the legacy Keras optimizer, i.e., `tf.keras.optimizers.legacy.Adam`.
Epochs: 100%|████████████████████████████████████████████████████████████████████████████████████████████████████████████████████████| 100/100 [00:05<00:00, 17.97it/s, t_loss=8.12, m_acc=0.429, i_acc=0.737]
2025-05-13 22:33:34 INFO     rasa.engine.training.hooks  - Finished training component 'DIETClassifier'.
2025-05-13 22:33:34 INFO     rasa.engine.training.hooks  - Starting to train component 'EntitySynonymMapper'.
2025-05-13 22:33:34 INFO     rasa.engine.training.hooks  - Finished training component 'EntitySynonymMapper'.
2025-05-13 22:33:34 INFO     rasa.engine.training.hooks  - Starting to train component 'ResponseSelector'.
2025-05-13 22:33:34 INFO     rasa.nlu.selectors.response_selector  - Retrieval intent parameter was left to its default value. This response selector will be trained on training examples combining all retrieval intents.
2025-05-13 22:33:34 INFO     rasa.engine.training.hooks  - Finished training component 'ResponseSelector'.
2025-05-13 22:33:34 INFO     rasa.engine.training.hooks  - Restored component 'MemoizationPolicy' from cache.
2025-05-13 22:33:34 INFO     rasa.engine.training.hooks  - Restored component 'RulePolicy' from cache.
2025-05-13 22:33:34 INFO     rasa.engine.training.hooks  - Restored component 'TEDPolicy' from cache.
Your Rasa model is trained and saved at 'models/20250513-223325-gentle-title.tar.gz'.
(rasa_env) ~/IdeaProjects/architecture-virtual_assistant git:[main]
rasa run --enable-api --cors "*" --debug
/Users/serdukandrejanatolevic/IdeaProjects/architecture-virtual_assistant/rasa_env/lib/python3.9/site-packages/rasa/core/tracker_store.py:1044: MovedIn20Warning: Deprecated API features detected! These feature(s) are not compatible with SQLAlchemy 2.0. To prevent incompatible upgrades prior to updating applications, ensure requirements files are pinned to "sqlalchemy<2.0". Set environment variable SQLALCHEMY_WARN_20=1 to show all deprecation warnings.  Set environment variable SQLALCHEMY_SILENCE_UBER_WARNING=1 to silence this message. (Background on SQLAlchemy 2.0 at: https://sqlalche.me/e/b8d9)
  Base: DeclarativeMeta = declarative_base()
/Users/serdukandrejanatolevic/IdeaProjects/architecture-virtual_assistant/rasa_env/lib/python3.9/site-packages/rasa/shared/utils/validation.py:134: DeprecationWarning: pkg_resources is deprecated as an API. See https://setuptools.pypa.io/en/latest/pkg_resources.html
  import pkg_resources
/Users/serdukandrejanatolevic/IdeaProjects/architecture-virtual_assistant/rasa_env/lib/python3.9/site-packages/pkg_resources/__init__.py:3117: DeprecationWarning: Deprecated call to `pkg_resources.declare_namespace('mpl_toolkits')`.
Implementing implicit namespace packages (as specified in PEP 420) is preferred to `pkg_resources.declare_namespace`. See https://setuptools.pypa.io/en/latest/references/keywords.html#keyword-namespace-packages
  declare_namespace(pkg)
/Users/serdukandrejanatolevic/IdeaProjects/architecture-virtual_assistant/rasa_env/lib/python3.9/site-packages/pkg_resources/__init__.py:3117: DeprecationWarning: Deprecated call to `pkg_resources.declare_namespace('ruamel')`.
Implementing implicit namespace packages (as specified in PEP 420) is preferred to `pkg_resources.declare_namespace`. See https://setuptools.pypa.io/en/latest/references/keywords.html#keyword-namespace-packages
  declare_namespace(pkg)
2025-05-13 22:33:48 DEBUG    rasa.cli.utils  - Parameter 'credentials' not set. Using default location 'credentials.yml' instead.
/Users/serdukandrejanatolevic/IdeaProjects/architecture-virtual_assistant/rasa_env/lib/python3.9/site-packages/sanic_cors/extension.py:39: DeprecationWarning: distutils Version classes are deprecated. Use packaging.version instead.
  SANIC_VERSION = LooseVersion(sanic_version)
2025-05-13 22:33:50 DEBUG    h5py._conv  - Creating converter from 7 to 5
2025-05-13 22:33:50 DEBUG    h5py._conv  - Creating converter from 5 to 7
2025-05-13 22:33:50 DEBUG    h5py._conv  - Creating converter from 7 to 5
2025-05-13 22:33:50 DEBUG    h5py._conv  - Creating converter from 5 to 7
2025-05-13 22:33:50 DEBUG    jax._src.path  - etils.epath was not found. Using pathlib for file I/O.
/Users/serdukandrejanatolevic/IdeaProjects/architecture-virtual_assistant/rasa_env/lib/python3.9/site-packages/tensorflow/lite/python/util.py:52: DeprecationWarning: jax.xla_computation is deprecated. Please use the AOT APIs.
  from jax import xla_computation as _xla_computation
2025-05-13 22:33:52 DEBUG    rasa.core.utils  - Available web server routes:
/conversations/<conversation_id:path>/messages     POST                           add_message
/conversations/<conversation_id:path>/tracker/events POST                           append_events
/webhooks/rasa                                     GET                            custom_webhook_RasaChatInput.health
/webhooks/rasa/webhook                             POST                           custom_webhook_RasaChatInput.receive
/webhooks/rest                                     GET                            custom_webhook_RestInput.health
/webhooks/rest/webhook                             POST                           custom_webhook_RestInput.receive
/model/test/intents                                POST                           evaluate_intents
/model/test/stories                                POST                           evaluate_stories
/conversations/<conversation_id:path>/execute      POST                           execute_action
/domain                                            GET                            get_domain
/                                                  GET                            hello
/model                                             PUT                            load_model
/model/parse                                       POST                           parse
/conversations/<conversation_id:path>/predict      POST                           predict
/conversations/<conversation_id:path>/tracker/events PUT                            replace_events
/conversations/<conversation_id:path>/story        GET                            retrieve_story
/conversations/<conversation_id:path>/tracker      GET                            retrieve_tracker
/status                                            GET                            status
/model/predict                                     POST                           tracker_predict
/model/train                                       POST                           train
/conversations/<conversation_id:path>/trigger_intent POST                           trigger_intent
/model                                             DELETE                         unload_model
/version                                           GET                            version
2025-05-13 22:33:52 INFO     root  - Starting Rasa server on http://0.0.0.0:5005
2025-05-13 22:33:52 DEBUG    rasa.core.utils  - Using the default number of Sanic workers (1).
/Users/serdukandrejanatolevic/IdeaProjects/architecture-virtual_assistant/rasa_env/lib/python3.9/site-packages/rasa/shared/core/slot_mappings.py:224: UserWarning: Slot auto-fill has been removed in 3.0 and replaced with a new explicit mechanism to set slots. Please refer to https://rasa.com/docs/rasa/domain#slots to learn more.
  rasa.shared.utils.io.raise_warning(
2025-05-13 22:33:54 DEBUG    rasa.telemetry  - Skipping telemetry reporting: no license hash found.
2025-05-13 22:33:54 DEBUG    rasa.core.tracker_store  - Connected to InMemoryTrackerStore.
2025-05-13 22:33:54 DEBUG    rasa.core.lock_store  - Connected to lock store 'InMemoryLockStore'.
2025-05-13 22:33:54 DEBUG    rasa.core.nlg.generator  - Instantiated NLG to 'TemplatedNaturalLanguageGenerator'.
2025-05-13 22:33:54 INFO     rasa.core.processor  - Loading model models/20250513-223325-gentle-title.tar.gz...
2025-05-13 22:33:54 DEBUG    rasa.engine.storage.local_model_storage  - Extracted model to '/var/folders/00/w376y7js7wd7k2l42c0gqtv80000gp/T/tmp1wwy7ymk'.
/Users/serdukandrejanatolevic/IdeaProjects/architecture-virtual_assistant/rasa_env/lib/python3.9/site-packages/rasa/shared/core/slot_mappings.py:224: UserWarning: Slot auto-fill has been removed in 3.0 and replaced with a new explicit mechanism to set slots. Please refer to https://rasa.com/docs/rasa/domain#slots to learn more.
  rasa.shared.utils.io.raise_warning(
2025-05-13 22:33:54 DEBUG    rasa.engine.graph  - Node 'nlu_message_converter' loading 'NLUMessageConverter.load' and kwargs: '{}'.
2025-05-13 22:33:54 DEBUG    rasa.engine.graph  - Node 'run_WhitespaceTokenizer0' loading 'WhitespaceTokenizer.load' and kwargs: '{}'.
2025-05-13 22:33:54 DEBUG    rasa.engine.graph  - Node 'run_RegexFeaturizer1' loading 'RegexFeaturizer.load' and kwargs: '{}'.
2025-05-13 22:33:54 DEBUG    rasa.engine.storage.local_model_storage  - Resource 'train_RegexFeaturizer1' was requested for reading.
2025-05-13 22:33:54 DEBUG    rasa.engine.graph  - Node 'run_LexicalSyntacticFeaturizer2' loading 'LexicalSyntacticFeaturizer.load' and kwargs: '{}'.
2025-05-13 22:33:54 DEBUG    rasa.engine.storage.local_model_storage  - Resource 'train_LexicalSyntacticFeaturizer2' was requested for reading.
2025-05-13 22:33:54 DEBUG    rasa.engine.graph  - Node 'run_CountVectorsFeaturizer3' loading 'CountVectorsFeaturizer.load' and kwargs: '{}'.
2025-05-13 22:33:54 DEBUG    rasa.engine.storage.local_model_storage  - Resource 'train_CountVectorsFeaturizer3' was requested for reading.
2025-05-13 22:33:54 DEBUG    rasa.engine.graph  - Node 'run_LanguageModelFeaturizer4' loading 'LanguageModelFeaturizer.load' and kwargs: '{}'.
2025-05-13 22:33:55 DEBUG    rasa.nlu.featurizers.dense_featurizer.lm_featurizer  - Loading Tokenizer and Model for bert
2025-05-13 22:33:55 DEBUG    urllib3.connectionpool  - Starting new HTTPS connection (1): huggingface.co:443
2025-05-13 22:33:55 DEBUG    urllib3.connectionpool  - https://huggingface.co:443 "HEAD /bert-base-cased/resolve/main/tokenizer_config.json HTTP/1.1" 200 0
2025-05-13 22:33:56 DEBUG    urllib3.connectionpool  - https://huggingface.co:443 "HEAD /bert-base-cased/resolve/main/config.json HTTP/1.1" 200 0
Some weights of the PyTorch model were not used when initializing the TF 2.0 model TFBertModel: ['cls.seq_relationship.weight', 'cls.predictions.bias', 'cls.predictions.transform.LayerNorm.weight', 'cls.predictions.transform.dense.bias', 'cls.seq_relationship.bias', 'cls.predictions.transform.LayerNorm.bias', 'cls.predictions.transform.dense.weight']
- This IS expected if you are initializing TFBertModel from a PyTorch model trained on another task or with another architecture (e.g. initializing a TFBertForSequenceClassification model from a BertForPreTraining model).
- This IS NOT expected if you are initializing TFBertModel from a PyTorch model that you expect to be exactly identical (e.g. initializing a TFBertForSequenceClassification model from a BertForSequenceClassification model).
All the weights of TFBertModel were initialized from the PyTorch model.
If your task is similar to the task the model of the checkpoint was trained on, you can already use TFBertModel for predictions without further training.
2025-05-13 22:33:57 DEBUG    rasa.engine.graph  - Node 'run_DIETClassifier5' loading 'DIETClassifier.load' and kwargs: '{}'.
2025-05-13 22:33:57 DEBUG    rasa.engine.storage.local_model_storage  - Resource 'train_DIETClassifier5' was requested for reading.
2025-05-13 22:33:57 DEBUG    rasa.utils.tensorflow.models  - Loading the model from /var/folders/00/w376y7js7wd7k2l42c0gqtv80000gp/T/tmpwzibwvla/train_DIETClassifier5/DIETClassifier.tf_model with finetune_mode=False...
2025-05-13 22:33:57 DEBUG    rasa.nlu.classifiers.diet_classifier  - You specified 'DIET' to train entities, but no entities are present in the training data. Skipping training of entities.
2025-05-13 22:33:57 DEBUG    rasa.nlu.classifiers.diet_classifier  - Following metrics will be logged during training:
2025-05-13 22:33:57 DEBUG    rasa.nlu.classifiers.diet_classifier  -   t_loss (total loss)
2025-05-13 22:33:57 DEBUG    rasa.nlu.classifiers.diet_classifier  -   m_acc (mask acc)
2025-05-13 22:33:57 DEBUG    rasa.nlu.classifiers.diet_classifier  -   m_loss (mask loss)
2025-05-13 22:33:57 DEBUG    rasa.nlu.classifiers.diet_classifier  -   i_acc (intent acc)
2025-05-13 22:33:57 DEBUG    rasa.nlu.classifiers.diet_classifier  -   i_loss (intent loss)
2025-05-13 22:33:57 WARNING  absl  - At this time, the v2.11+ optimizer `tf.keras.optimizers.Adam` runs slowly on M1/M2 Macs, please use the legacy Keras optimizer instead, located at `tf.keras.optimizers.legacy.Adam`.
2025-05-13 22:33:57 WARNING  absl  - There is a known slowdown when using v2.11+ Keras optimizers on M1/M2 Macs. Falling back to the legacy Keras optimizer, i.e., `tf.keras.optimizers.legacy.Adam`.
2025-05-13 22:34:02 DEBUG    rasa.utils.tensorflow.models  - Finished loading the model.
/Users/serdukandrejanatolevic/IdeaProjects/architecture-virtual_assistant/rasa_env/lib/python3.9/site-packages/rasa/utils/train_utils.py:530: UserWarning: constrain_similarities is set to `False`. It is recommended to set it to `True` when using cross-entropy loss.
  rasa.shared.utils.io.raise_warning(
2025-05-13 22:34:02 DEBUG    rasa.engine.graph  - Node 'run_EntitySynonymMapper6' loading 'EntitySynonymMapper.load' and kwargs: '{}'.
2025-05-13 22:34:02 DEBUG    rasa.engine.storage.local_model_storage  - Resource 'train_EntitySynonymMapper6' was requested for reading.
2025-05-13 22:34:02 DEBUG    rasa.nlu.extractors.entity_synonyms  - Failed to load ABCMeta from model storage. Resource 'train_EntitySynonymMapper6' doesn't exist.
2025-05-13 22:34:02 DEBUG    rasa.engine.graph  - Node 'run_ResponseSelector7' loading 'ResponseSelector.load' and kwargs: '{}'.
2025-05-13 22:34:02 DEBUG    rasa.engine.storage.local_model_storage  - Resource 'train_ResponseSelector7' was requested for reading.
2025-05-13 22:34:02 DEBUG    rasa.nlu.classifiers.diet_classifier  - Failed to load ABCMeta from model storage. Resource 'train_ResponseSelector7' doesn't exist.
2025-05-13 22:34:02 DEBUG    rasa.engine.storage.local_model_storage  - Resource 'train_ResponseSelector7' was requested for reading.
2025-05-13 22:34:02 DEBUG    rasa.nlu.selectors.response_selector  - Failed to load ResponseSelector from model storage. Resource 'train_ResponseSelector7' doesn't exist.
2025-05-13 22:34:02 DEBUG    rasa.engine.graph  - Node 'run_RegexMessageHandler' loading 'RegexMessageHandler.load' and kwargs: '{}'.
2025-05-13 22:34:02 DEBUG    rasa.engine.graph  - Node 'domain_provider' loading 'DomainProvider.load' and kwargs: '{}'.
2025-05-13 22:34:02 DEBUG    rasa.engine.storage.local_model_storage  - Resource 'domain_provider' was requested for reading.
/Users/serdukandrejanatolevic/IdeaProjects/architecture-virtual_assistant/rasa_env/lib/python3.9/site-packages/rasa/shared/core/slot_mappings.py:224: UserWarning: Slot auto-fill has been removed in 3.0 and replaced with a new explicit mechanism to set slots. Please refer to https://rasa.com/docs/rasa/domain#slots to learn more.
  rasa.shared.utils.io.raise_warning(
2025-05-13 22:34:02 DEBUG    rasa.engine.graph  - Node 'run_MemoizationPolicy0' loading 'MemoizationPolicy.load' and kwargs: '{}'.
2025-05-13 22:34:02 DEBUG    rasa.engine.storage.local_model_storage  - Resource 'train_MemoizationPolicy0' was requested for reading.
2025-05-13 22:34:02 DEBUG    rasa.engine.graph  - Node 'run_RulePolicy1' loading 'RulePolicy.load' and kwargs: '{}'.
2025-05-13 22:34:02 DEBUG    rasa.engine.storage.local_model_storage  - Resource 'train_RulePolicy1' was requested for reading.
2025-05-13 22:34:02 DEBUG    rasa.engine.graph  - Node 'run_TEDPolicy2' loading 'TEDPolicy.load' and kwargs: '{}'.
2025-05-13 22:34:02 DEBUG    rasa.engine.storage.local_model_storage  - Resource 'train_TEDPolicy2' was requested for reading.
2025-05-13 22:34:02 DEBUG    rasa.utils.tensorflow.models  - Loading the model from /var/folders/00/w376y7js7wd7k2l42c0gqtv80000gp/T/tmpwzibwvla/train_TEDPolicy2/ted_policy.tf_model with finetune_mode=False...
2025-05-13 22:34:02 WARNING  absl  - At this time, the v2.11+ optimizer `tf.keras.optimizers.Adam` runs slowly on M1/M2 Macs, please use the legacy Keras optimizer instead, located at `tf.keras.optimizers.legacy.Adam`.
2025-05-13 22:34:02 WARNING  absl  - There is a known slowdown when using v2.11+ Keras optimizers on M1/M2 Macs. Falling back to the legacy Keras optimizer, i.e., `tf.keras.optimizers.legacy.Adam`.
2025-05-13 22:34:06 DEBUG    rasa.utils.tensorflow.models  - Finished loading the model.
2025-05-13 22:34:06 DEBUG    rasa.engine.graph  - Node 'rule_only_data_provider' loading 'RuleOnlyDataProvider.load' and kwargs: '{}'.
2025-05-13 22:34:06 DEBUG    rasa.engine.storage.local_model_storage  - Resource 'train_RulePolicy1' was requested for reading.
2025-05-13 22:34:06 DEBUG    rasa.engine.graph  - Node 'select_prediction' loading 'DefaultPolicyPredictionEnsemble.load' and kwargs: '{}'.
2025-05-13 22:34:06 INFO     root  - Rasa server is up and running.
2025-05-13 22:34:06 INFO     root  - Enabling coroutine debugging. Loop id 14656293328.
2025-05-13 22:34:43 DEBUG    rasa.core.lock_store  - Issuing ticket for conversation 'PractikumStudent'.
2025-05-13 22:34:43 DEBUG    rasa.core.lock_store  - Acquiring lock for conversation 'PractikumStudent'.
2025-05-13 22:34:43 DEBUG    rasa.core.lock_store  - Acquired lock for conversation 'PractikumStudent'.
2025-05-13 22:34:43 DEBUG    rasa.core.tracker_store  - Could not find tracker for conversation ID 'PractikumStudent'.
2025-05-13 22:34:43 DEBUG    rasa.core.tracker_store  - No event broker configured. Skipping streaming events.
2025-05-13 22:34:43 DEBUG    rasa.core.processor  - Starting a new session for conversation ID 'PractikumStudent'.
2025-05-13 22:34:43 DEBUG    rasa.core.processor  - [debug    ] processor.actions.policy_prediction prediction_events=[]
2025-05-13 22:34:43 DEBUG    rasa.core.processor  - [debug    ] processor.actions.log          action_name=action_session_start rasa_events=[<rasa.shared.core.events.SessionStarted object at 0x3926d04f0>, ActionExecuted(action: action_listen, policy: None, confidence: None)]
2025-05-13 22:34:43 DEBUG    rasa.core.processor  - [debug    ] processor.slots.log            slot_values=     topic: None
        session_started_metadata: None
2025-05-13 22:34:43 DEBUG    rasa.engine.runner.dask  - Running graph with inputs: {'__message__': [<rasa.core.channels.channel.UserMessage object at 0x394303640>], '__tracker__': <rasa.shared.core.trackers.DialogueStateTracker object at 0x39670c520>}, targets: ['run_RegexMessageHandler'] and ExecutionContext(model_id='b095e6e2d1734904be3868e3f8c66323', should_add_diagnostic_data=False, is_finetuning=False, node_name=None).
2025-05-13 22:34:43 DEBUG    rasa.engine.graph  - Node 'nlu_message_converter' running 'NLUMessageConverter.convert_user_message'.
2025-05-13 22:34:43 DEBUG    rasa.engine.graph  - Node 'run_WhitespaceTokenizer0' running 'WhitespaceTokenizer.process'.
2025-05-13 22:34:43 DEBUG    rasa.engine.graph  - Node 'run_RegexFeaturizer1' running 'RegexFeaturizer.process'.
2025-05-13 22:34:43 DEBUG    rasa.engine.graph  - Node 'run_LexicalSyntacticFeaturizer2' running 'LexicalSyntacticFeaturizer.process'.
2025-05-13 22:34:43 DEBUG    rasa.engine.graph  - Node 'run_CountVectorsFeaturizer3' running 'CountVectorsFeaturizer.process'.
2025-05-13 22:34:43 DEBUG    rasa.engine.graph  - Node 'run_LanguageModelFeaturizer4' running 'LanguageModelFeaturizer.process'.
2025-05-13 22:34:43 DEBUG    rasa.engine.graph  - Node 'run_DIETClassifier5' running 'DIETClassifier.process'.
2025-05-13 22:34:43 DEBUG    rasa.engine.graph  - Node 'run_EntitySynonymMapper6' running 'EntitySynonymMapper.process'.
2025-05-13 22:34:43 DEBUG    rasa.engine.graph  - Node 'run_ResponseSelector7' running 'ResponseSelector.process'.
2025-05-13 22:34:43 DEBUG    rasa.nlu.classifiers.diet_classifier  - There is no trained model for 'ResponseSelector': The component is either not trained or didn't receive enough training data.
2025-05-13 22:34:43 DEBUG    rasa.nlu.selectors.response_selector  - Adding following selector key to message property: default
2025-05-13 22:34:43 DEBUG    rasa.engine.graph  - Node 'domain_provider' running 'DomainProvider.provide_inference'.
2025-05-13 22:34:43 DEBUG    rasa.engine.graph  - Node 'run_RegexMessageHandler' running 'RegexMessageHandler.process'.
2025-05-13 22:34:43 DEBUG    rasa.core.processor  - [debug    ] processor.message.parse        parse_data_entities=[] parse_data_intent={'name': 'greet', 'confidence': 0.3327193856239319} parse_data_text=Привет
2025-05-13 22:34:43 DEBUG    rasa.core.processor  - Logged UserUtterance - tracker now has 4 events.
2025-05-13 22:34:43 DEBUG    rasa.core.actions.action  - Validating extracted slots: topic
2025-05-13 22:34:43 DEBUG    rasa.core.processor  - [debug    ] processor.extract.slots        action_extract_slot=action_extract_slots len_extraction_events=1 rasa_events=[SlotSet(key: topic, value: Привет)]
2025-05-13 22:34:43 DEBUG    rasa.engine.runner.dask  - Running graph with inputs: {'__tracker__': <rasa.shared.core.trackers.DialogueStateTracker object at 0x39670c520>}, targets: ['select_prediction'] and ExecutionContext(model_id='b095e6e2d1734904be3868e3f8c66323', should_add_diagnostic_data=False, is_finetuning=False, node_name=None).
2025-05-13 22:34:43 DEBUG    rasa.engine.graph  - Node 'rule_only_data_provider' running 'RuleOnlyDataProvider.provide'.
2025-05-13 22:34:43 DEBUG    rasa.engine.graph  - Node 'domain_provider' running 'DomainProvider.provide_inference'.
2025-05-13 22:34:43 DEBUG    rasa.engine.graph  - Node 'run_MemoizationPolicy0' running 'MemoizationPolicy.predict_action_probabilities'.
2025-05-13 22:34:43 DEBUG    rasa.core.policies.memoization  - [debug    ] memoization.predict.actions    tracker_states=[{}, {'user': {'intent': 'greet'}, 'prev_action': {'action_name': 'action_listen'}}]
2025-05-13 22:34:43 DEBUG    rasa.core.policies.memoization  - There is a memorised next action 'utter_greet'
2025-05-13 22:34:43 DEBUG    rasa.engine.graph  - Node 'run_RulePolicy1' running 'RulePolicy.predict_action_probabilities'.
2025-05-13 22:34:43 DEBUG    rasa.core.policies.rule_policy  - [debug    ] rule_policy.actions.find       current_states=
[state 1] user text: Привет | previous action name: action_listen
2025-05-13 22:34:43 DEBUG    rasa.core.policies.rule_policy  - There is no applicable rule.
2025-05-13 22:34:43 DEBUG    rasa.core.policies.rule_policy  - [debug    ] rule_policy.actions.find       current_states=
[state 1] user intent: greet | previous action name: action_listen
2025-05-13 22:34:43 DEBUG    rasa.core.policies.rule_policy  - There is a rule for the next action 'utter_greet'.
2025-05-13 22:34:43 DEBUG    rasa.engine.graph  - Node 'run_TEDPolicy2' running 'TEDPolicy.predict_action_probabilities'.
2025-05-13 22:34:43 DEBUG    rasa.core.policies.ted_policy  - TED predicted 'utter_greet' based on user intent.
2025-05-13 22:34:43 DEBUG    rasa.engine.graph  - Node 'select_prediction' running 'DefaultPolicyPredictionEnsemble.combine_predictions_from_kwargs'.
2025-05-13 22:34:43 DEBUG    rasa.core.policies.ensemble  - Made prediction using user intent.
2025-05-13 22:34:43 DEBUG    rasa.core.policies.ensemble  - Added `DefinePrevUserUtteredFeaturization(False)` event.
2025-05-13 22:34:43 DEBUG    rasa.core.policies.ensemble  - Predicted next action using RulePolicy.
2025-05-13 22:34:43 DEBUG    rasa.core.processor  - Predicted next action 'utter_greet' with confidence 1.00.
2025-05-13 22:34:43 DEBUG    rasa.core.processor  - [debug    ] processor.actions.policy_prediction prediction_events=[<rasa.shared.core.events.DefinePrevUserUtteredFeaturization object at 0x3926d0760>]
2025-05-13 22:34:43 DEBUG    rasa.core.processor  - [debug    ] processor.actions.log          action_name=utter_greet rasa_events=[BotUttered('Привет! Чем могу помочь в области архитектуры программного обеспечения?', {"elements": null, "quick_replies": null, "buttons": null, "attachment": null, "image": null, "custom": null}, {"utter_action": "utter_greet"}, 1747150483.906732)]
2025-05-13 22:34:43 DEBUG    rasa.engine.runner.dask  - Running graph with inputs: {'__tracker__': <rasa.shared.core.trackers.DialogueStateTracker object at 0x39670c520>}, targets: ['select_prediction'] and ExecutionContext(model_id='b095e6e2d1734904be3868e3f8c66323', should_add_diagnostic_data=False, is_finetuning=False, node_name=None).
2025-05-13 22:34:43 DEBUG    rasa.engine.graph  - Node 'rule_only_data_provider' running 'RuleOnlyDataProvider.provide'.
2025-05-13 22:34:43 DEBUG    rasa.engine.graph  - Node 'domain_provider' running 'DomainProvider.provide_inference'.
2025-05-13 22:34:43 DEBUG    rasa.engine.graph  - Node 'run_MemoizationPolicy0' running 'MemoizationPolicy.predict_action_probabilities'.
2025-05-13 22:34:43 DEBUG    rasa.core.policies.memoization  - [debug    ] memoization.predict.actions    tracker_states=[{}, {'user': {'intent': 'greet'}, 'prev_action': {'action_name': 'action_listen'}}, {'user': {'intent': 'greet'}, 'prev_action': {'action_name': 'utter_greet'}}]
2025-05-13 22:34:43 DEBUG    rasa.core.policies.memoization  - There is a memorised next action 'action_listen'
2025-05-13 22:34:43 DEBUG    rasa.engine.graph  - Node 'run_RulePolicy1' running 'RulePolicy.predict_action_probabilities'.
2025-05-13 22:34:43 DEBUG    rasa.core.policies.rule_policy  - [debug    ] rule_policy.actions.find       current_states=
[state 1] user intent: greet | previous action name: action_listen
[state 2] user intent: greet | previous action name: utter_greet
2025-05-13 22:34:43 DEBUG    rasa.core.policies.rule_policy  - There is a rule for the next action 'action_listen'.
2025-05-13 22:34:43 DEBUG    rasa.engine.graph  - Node 'run_TEDPolicy2' running 'TEDPolicy.predict_action_probabilities'.
2025-05-13 22:34:43 DEBUG    rasa.core.policies.ted_policy  - TED predicted 'action_listen' based on user intent.
2025-05-13 22:34:43 DEBUG    rasa.engine.graph  - Node 'select_prediction' running 'DefaultPolicyPredictionEnsemble.combine_predictions_from_kwargs'.
2025-05-13 22:34:43 DEBUG    rasa.core.policies.ensemble  - Predicted next action using RulePolicy.
2025-05-13 22:34:43 DEBUG    rasa.core.processor  - Predicted next action 'action_listen' with confidence 1.00.
2025-05-13 22:34:43 DEBUG    rasa.core.processor  - [debug    ] processor.actions.policy_prediction prediction_events=[]
2025-05-13 22:34:43 DEBUG    rasa.core.processor  - [debug    ] processor.actions.log          action_name=action_listen rasa_events=[]
2025-05-13 22:34:43 DEBUG    rasa.core.tracker_store  - No event broker configured. Skipping streaming events.
2025-05-13 22:34:43 DEBUG    rasa.core.lock_store  - Deleted lock for conversation 'PractikumStudent'.
2025-05-13 22:35:02 DEBUG    rasa.core.lock_store  - Issuing ticket for conversation 'PractikumStudent'.
2025-05-13 22:35:02 DEBUG    rasa.core.lock_store  - Acquiring lock for conversation 'PractikumStudent'.
2025-05-13 22:35:02 DEBUG    rasa.core.lock_store  - Acquired lock for conversation 'PractikumStudent'.
2025-05-13 22:35:02 DEBUG    rasa.core.tracker_store  - Recreating tracker for id 'PractikumStudent'
2025-05-13 22:35:02 DEBUG    rasa.engine.runner.dask  - Running graph with inputs: {'__message__': [<rasa.core.channels.channel.UserMessage object at 0x396204940>], '__tracker__': <rasa.shared.core.trackers.DialogueStateTracker object at 0x3965fafa0>}, targets: ['run_RegexMessageHandler'] and ExecutionContext(model_id='b095e6e2d1734904be3868e3f8c66323', should_add_diagnostic_data=False, is_finetuning=False, node_name=None).
2025-05-13 22:35:02 DEBUG    rasa.engine.graph  - Node 'nlu_message_converter' running 'NLUMessageConverter.convert_user_message'.
2025-05-13 22:35:02 DEBUG    rasa.engine.graph  - Node 'run_WhitespaceTokenizer0' running 'WhitespaceTokenizer.process'.
2025-05-13 22:35:02 DEBUG    rasa.engine.graph  - Node 'run_RegexFeaturizer1' running 'RegexFeaturizer.process'.
2025-05-13 22:35:02 DEBUG    rasa.engine.graph  - Node 'run_LexicalSyntacticFeaturizer2' running 'LexicalSyntacticFeaturizer.process'.
2025-05-13 22:35:02 DEBUG    rasa.engine.graph  - Node 'run_CountVectorsFeaturizer3' running 'CountVectorsFeaturizer.process'.
2025-05-13 22:35:02 DEBUG    rasa.engine.graph  - Node 'run_LanguageModelFeaturizer4' running 'LanguageModelFeaturizer.process'.
2025-05-13 22:35:03 DEBUG    rasa.engine.graph  - Node 'run_DIETClassifier5' running 'DIETClassifier.process'.
2025-05-13 22:35:03 DEBUG    rasa.engine.graph  - Node 'run_EntitySynonymMapper6' running 'EntitySynonymMapper.process'.
2025-05-13 22:35:03 DEBUG    rasa.engine.graph  - Node 'run_ResponseSelector7' running 'ResponseSelector.process'.
2025-05-13 22:35:03 DEBUG    rasa.nlu.classifiers.diet_classifier  - There is no trained model for 'ResponseSelector': The component is either not trained or didn't receive enough training data.
2025-05-13 22:35:03 DEBUG    rasa.nlu.selectors.response_selector  - Adding following selector key to message property: default
2025-05-13 22:35:03 DEBUG    rasa.engine.graph  - Node 'domain_provider' running 'DomainProvider.provide_inference'.
2025-05-13 22:35:03 DEBUG    rasa.engine.graph  - Node 'run_RegexMessageHandler' running 'RegexMessageHandler.process'.
2025-05-13 22:35:03 DEBUG    rasa.core.processor  - [debug    ] processor.message.parse        parse_data_entities=[] parse_data_intent={'name': 'ask_architecture', 'confidence': 0.9911155700683594} parse_data_text=Расскажите об архитектуре ПО
2025-05-13 22:35:03 DEBUG    rasa.core.processor  - Logged UserUtterance - tracker now has 10 events.
2025-05-13 22:35:03 DEBUG    rasa.core.actions.action  - Validating extracted slots: topic
2025-05-13 22:35:03 DEBUG    rasa.core.processor  - [debug    ] processor.extract.slots        action_extract_slot=action_extract_slots len_extraction_events=1 rasa_events=[SlotSet(key: topic, value: Расскажите об архитектуре ПО)]
2025-05-13 22:35:03 DEBUG    rasa.engine.runner.dask  - Running graph with inputs: {'__tracker__': <rasa.shared.core.trackers.DialogueStateTracker object at 0x3965fafa0>}, targets: ['select_prediction'] and ExecutionContext(model_id='b095e6e2d1734904be3868e3f8c66323', should_add_diagnostic_data=False, is_finetuning=False, node_name=None).
2025-05-13 22:35:03 DEBUG    rasa.engine.graph  - Node 'rule_only_data_provider' running 'RuleOnlyDataProvider.provide'.
2025-05-13 22:35:03 DEBUG    rasa.engine.graph  - Node 'domain_provider' running 'DomainProvider.provide_inference'.
2025-05-13 22:35:03 DEBUG    rasa.engine.graph  - Node 'run_MemoizationPolicy0' running 'MemoizationPolicy.predict_action_probabilities'.
2025-05-13 22:35:03 DEBUG    rasa.core.policies.memoization  - [debug    ] memoization.predict.actions    tracker_states=[{}, {'user': {'intent': 'greet'}, 'prev_action': {'action_name': 'action_listen'}}, {'user': {'intent': 'greet'}, 'prev_action': {'action_name': 'utter_greet'}}, {'user': {'intent': 'ask_architecture'}, 'prev_action': {'action_name': 'action_listen'}}]
2025-05-13 22:35:03 DEBUG    rasa.core.policies.memoization  - There is a memorised next action 'utter_architecture_response'
2025-05-13 22:35:03 DEBUG    rasa.engine.graph  - Node 'run_RulePolicy1' running 'RulePolicy.predict_action_probabilities'.
2025-05-13 22:35:03 DEBUG    rasa.core.policies.rule_policy  - [debug    ] rule_policy.actions.find       current_states=
[state 1] user intent: greet | previous action name: action_listen
[state 2] user intent: greet | previous action name: utter_greet
[state 3] user text: Расскажите об архитектуре ПО | previous action name: action_listen
2025-05-13 22:35:03 DEBUG    rasa.core.policies.rule_policy  - There is no applicable rule.
2025-05-13 22:35:03 DEBUG    rasa.core.policies.rule_policy  - [debug    ] rule_policy.actions.find       current_states=
[state 1] user intent: greet | previous action name: action_listen
[state 2] user intent: greet | previous action name: utter_greet
[state 3] user intent: ask_architecture | previous action name: action_listen
2025-05-13 22:35:03 DEBUG    rasa.core.policies.rule_policy  - There is a rule for the next action 'utter_architecture_response'.
2025-05-13 22:35:03 DEBUG    rasa.engine.graph  - Node 'run_TEDPolicy2' running 'TEDPolicy.predict_action_probabilities'.
2025-05-13 22:35:03 DEBUG    rasa.core.policies.ted_policy  - TED predicted 'utter_architecture_response' based on user intent.
2025-05-13 22:35:03 DEBUG    rasa.engine.graph  - Node 'select_prediction' running 'DefaultPolicyPredictionEnsemble.combine_predictions_from_kwargs'.
2025-05-13 22:35:03 DEBUG    rasa.core.policies.ensemble  - Made prediction using user intent.
2025-05-13 22:35:03 DEBUG    rasa.core.policies.ensemble  - Added `DefinePrevUserUtteredFeaturization(False)` event.
2025-05-13 22:35:03 DEBUG    rasa.core.policies.ensemble  - Predicted next action using RulePolicy.
2025-05-13 22:35:03 DEBUG    rasa.core.processor  - Predicted next action 'utter_architecture_response' with confidence 1.00.
2025-05-13 22:35:03 DEBUG    rasa.core.processor  - [debug    ] processor.actions.policy_prediction prediction_events=[<rasa.shared.core.events.DefinePrevUserUtteredFeaturization object at 0x3926d0310>]
2025-05-13 22:35:03 DEBUG    rasa.core.processor  - [debug    ] processor.actions.log          action_name=utter_architecture_response rasa_events=[BotUttered('Архитектура ПО включает выбор структур, которые обеспечивают масштабируемость, гибкость и поддерживаемость приложения. Задайте конкретный вопрос по этой теме, и я помогу вам с информацией.', {"elements": null, "quick_replies": null, "buttons": null, "attachment": null, "image": null, "custom": null}, {"utter_action": "utter_architecture_response"}, 1747150503.218409)]
2025-05-13 22:35:03 DEBUG    rasa.engine.runner.dask  - Running graph with inputs: {'__tracker__': <rasa.shared.core.trackers.DialogueStateTracker object at 0x3965fafa0>}, targets: ['select_prediction'] and ExecutionContext(model_id='b095e6e2d1734904be3868e3f8c66323', should_add_diagnostic_data=False, is_finetuning=False, node_name=None).
2025-05-13 22:35:03 DEBUG    rasa.engine.graph  - Node 'rule_only_data_provider' running 'RuleOnlyDataProvider.provide'.
2025-05-13 22:35:03 DEBUG    rasa.engine.graph  - Node 'domain_provider' running 'DomainProvider.provide_inference'.
2025-05-13 22:35:03 DEBUG    rasa.engine.graph  - Node 'run_MemoizationPolicy0' running 'MemoizationPolicy.predict_action_probabilities'.
2025-05-13 22:35:03 DEBUG    rasa.core.policies.memoization  - [debug    ] memoization.predict.actions    tracker_states=[{}, {'user': {'intent': 'greet'}, 'prev_action': {'action_name': 'action_listen'}}, {'user': {'intent': 'greet'}, 'prev_action': {'action_name': 'utter_greet'}}, {'user': {'intent': 'ask_architecture'}, 'prev_action': {'action_name': 'action_listen'}}, {'user': {'intent': 'ask_architecture'}, 'prev_action': {'action_name': 'utter_architecture_response'}}]
2025-05-13 22:35:03 DEBUG    rasa.core.policies.memoization  - There is a memorised next action 'action_listen'
2025-05-13 22:35:03 DEBUG    rasa.engine.graph  - Node 'run_RulePolicy1' running 'RulePolicy.predict_action_probabilities'.
2025-05-13 22:35:03 DEBUG    rasa.core.policies.rule_policy  - [debug    ] rule_policy.actions.find       current_states=
[state 1] user intent: greet | previous action name: action_listen
[state 2] user intent: greet | previous action name: utter_greet
[state 3] user intent: ask_architecture | previous action name: action_listen
[state 4] user intent: ask_architecture | previous action name: utter_architecture_response
2025-05-13 22:35:03 DEBUG    rasa.core.policies.rule_policy  - There is a rule for the next action 'action_listen'.
2025-05-13 22:35:03 DEBUG    rasa.engine.graph  - Node 'run_TEDPolicy2' running 'TEDPolicy.predict_action_probabilities'.
2025-05-13 22:35:03 DEBUG    rasa.core.policies.ted_policy  - TED predicted 'action_listen' based on user intent.
2025-05-13 22:35:03 DEBUG    rasa.engine.graph  - Node 'select_prediction' running 'DefaultPolicyPredictionEnsemble.combine_predictions_from_kwargs'.
2025-05-13 22:35:03 DEBUG    rasa.core.policies.ensemble  - Predicted next action using RulePolicy.
2025-05-13 22:35:03 DEBUG    rasa.core.processor  - Predicted next action 'action_listen' with confidence 1.00.
2025-05-13 22:35:03 DEBUG    rasa.core.processor  - [debug    ] processor.actions.policy_prediction prediction_events=[]
2025-05-13 22:35:03 DEBUG    rasa.core.processor  - [debug    ] processor.actions.log          action_name=action_listen rasa_events=[]
2025-05-13 22:35:03 DEBUG    rasa.core.tracker_store  - No event broker configured. Skipping streaming events.
2025-05-13 22:35:03 DEBUG    rasa.core.lock_store  - Deleted lock for conversation 'PractikumStudent'.
2025-05-13 22:35:15 DEBUG    rasa.core.lock_store  - Issuing ticket for conversation 'PractikumStudent'.
2025-05-13 22:35:15 DEBUG    rasa.core.lock_store  - Acquiring lock for conversation 'PractikumStudent'.
2025-05-13 22:35:15 DEBUG    rasa.core.lock_store  - Acquired lock for conversation 'PractikumStudent'.
2025-05-13 22:35:15 DEBUG    rasa.core.tracker_store  - Recreating tracker for id 'PractikumStudent'
2025-05-13 22:35:15 DEBUG    rasa.engine.runner.dask  - Running graph with inputs: {'__message__': [<rasa.core.channels.channel.UserMessage object at 0x10604b1f0>], '__tracker__': <rasa.shared.core.trackers.DialogueStateTracker object at 0x3925e8070>}, targets: ['run_RegexMessageHandler'] and ExecutionContext(model_id='b095e6e2d1734904be3868e3f8c66323', should_add_diagnostic_data=False, is_finetuning=False, node_name=None).
2025-05-13 22:35:15 DEBUG    rasa.engine.graph  - Node 'nlu_message_converter' running 'NLUMessageConverter.convert_user_message'.
2025-05-13 22:35:15 DEBUG    rasa.engine.graph  - Node 'run_WhitespaceTokenizer0' running 'WhitespaceTokenizer.process'.
2025-05-13 22:35:15 DEBUG    rasa.engine.graph  - Node 'run_RegexFeaturizer1' running 'RegexFeaturizer.process'.
2025-05-13 22:35:15 DEBUG    rasa.engine.graph  - Node 'run_LexicalSyntacticFeaturizer2' running 'LexicalSyntacticFeaturizer.process'.
2025-05-13 22:35:15 DEBUG    rasa.engine.graph  - Node 'run_CountVectorsFeaturizer3' running 'CountVectorsFeaturizer.process'.
2025-05-13 22:35:15 DEBUG    rasa.engine.graph  - Node 'run_LanguageModelFeaturizer4' running 'LanguageModelFeaturizer.process'.
2025-05-13 22:35:15 DEBUG    rasa.engine.graph  - Node 'run_DIETClassifier5' running 'DIETClassifier.process'.
2025-05-13 22:35:15 DEBUG    rasa.engine.graph  - Node 'run_EntitySynonymMapper6' running 'EntitySynonymMapper.process'.
2025-05-13 22:35:15 DEBUG    rasa.engine.graph  - Node 'run_ResponseSelector7' running 'ResponseSelector.process'.
2025-05-13 22:35:15 DEBUG    rasa.nlu.classifiers.diet_classifier  - There is no trained model for 'ResponseSelector': The component is either not trained or didn't receive enough training data.
2025-05-13 22:35:15 DEBUG    rasa.nlu.selectors.response_selector  - Adding following selector key to message property: default
2025-05-13 22:35:15 DEBUG    rasa.engine.graph  - Node 'domain_provider' running 'DomainProvider.provide_inference'.
2025-05-13 22:35:15 DEBUG    rasa.engine.graph  - Node 'run_RegexMessageHandler' running 'RegexMessageHandler.process'.
2025-05-13 22:35:15 DEBUG    rasa.core.processor  - [debug    ] processor.message.parse        parse_data_entities=[] parse_data_intent={'name': 'ask_architecture', 'confidence': 0.9913280606269836} parse_data_text=Какие подходы существуют в архитектуре?
2025-05-13 22:35:15 DEBUG    rasa.core.processor  - Logged UserUtterance - tracker now has 16 events.
2025-05-13 22:35:15 DEBUG    rasa.core.actions.action  - Validating extracted slots: topic
2025-05-13 22:35:15 DEBUG    rasa.core.processor  - [debug    ] processor.extract.slots        action_extract_slot=action_extract_slots len_extraction_events=1 rasa_events=[SlotSet(key: topic, value: Какие подходы существуют в архитектуре?)]
2025-05-13 22:35:15 DEBUG    rasa.engine.runner.dask  - Running graph with inputs: {'__tracker__': <rasa.shared.core.trackers.DialogueStateTracker object at 0x3925e8070>}, targets: ['select_prediction'] and ExecutionContext(model_id='b095e6e2d1734904be3868e3f8c66323', should_add_diagnostic_data=False, is_finetuning=False, node_name=None).
2025-05-13 22:35:15 DEBUG    rasa.engine.graph  - Node 'rule_only_data_provider' running 'RuleOnlyDataProvider.provide'.
2025-05-13 22:35:15 DEBUG    rasa.engine.graph  - Node 'domain_provider' running 'DomainProvider.provide_inference'.
2025-05-13 22:35:15 DEBUG    rasa.engine.graph  - Node 'run_MemoizationPolicy0' running 'MemoizationPolicy.predict_action_probabilities'.
2025-05-13 22:35:15 DEBUG    rasa.core.policies.memoization  - [debug    ] memoization.predict.actions    tracker_states=[{}, {'user': {'intent': 'greet'}, 'prev_action': {'action_name': 'action_listen'}}, {'user': {'intent': 'greet'}, 'prev_action': {'action_name': 'utter_greet'}}, {'user': {'intent': 'ask_architecture'}, 'prev_action': {'action_name': 'action_listen'}}, {'user': {'intent': 'ask_architecture'}, 'prev_action': {'action_name': 'utter_architecture_response'}}, {'user': {'intent': 'ask_architecture'}, 'prev_action': {'action_name': 'action_listen'}}]
2025-05-13 22:35:15 DEBUG    rasa.core.policies.memoization  - There is no memorised next action
2025-05-13 22:35:15 DEBUG    rasa.engine.graph  - Node 'run_RulePolicy1' running 'RulePolicy.predict_action_probabilities'.
2025-05-13 22:35:15 DEBUG    rasa.core.policies.rule_policy  - [debug    ] rule_policy.actions.find       current_states=
[state 1] user intent: greet | previous action name: action_listen
[state 2] user intent: greet | previous action name: utter_greet
[state 3] user intent: ask_architecture | previous action name: action_listen
[state 4] user intent: ask_architecture | previous action name: utter_architecture_response
[state 5] user text: Какие подходы существуют в архитектуре? | previous action name: action_listen
2025-05-13 22:35:15 DEBUG    rasa.core.policies.rule_policy  - There is no applicable rule.
2025-05-13 22:35:15 DEBUG    rasa.core.policies.rule_policy  - [debug    ] rule_policy.actions.find       current_states=
[state 1] user intent: greet | previous action name: action_listen
[state 2] user intent: greet | previous action name: utter_greet
[state 3] user intent: ask_architecture | previous action name: action_listen
[state 4] user intent: ask_architecture | previous action name: utter_architecture_response
[state 5] user intent: ask_architecture | previous action name: action_listen
2025-05-13 22:35:15 DEBUG    rasa.core.policies.rule_policy  - There is a rule for the next action 'utter_architecture_response'.
2025-05-13 22:35:15 DEBUG    rasa.engine.graph  - Node 'run_TEDPolicy2' running 'TEDPolicy.predict_action_probabilities'.
2025-05-13 22:35:15 DEBUG    rasa.core.policies.ted_policy  - TED predicted 'utter_architecture_response' based on user intent.
2025-05-13 22:35:15 DEBUG    rasa.engine.graph  - Node 'select_prediction' running 'DefaultPolicyPredictionEnsemble.combine_predictions_from_kwargs'.
2025-05-13 22:35:15 DEBUG    rasa.core.policies.ensemble  - Made prediction using user intent.
2025-05-13 22:35:15 DEBUG    rasa.core.policies.ensemble  - Added `DefinePrevUserUtteredFeaturization(False)` event.
2025-05-13 22:35:15 DEBUG    rasa.core.policies.ensemble  - Predicted next action using RulePolicy.
2025-05-13 22:35:15 DEBUG    rasa.core.processor  - Predicted next action 'utter_architecture_response' with confidence 1.00.
2025-05-13 22:35:15 DEBUG    rasa.core.processor  - [debug    ] processor.actions.policy_prediction prediction_events=[<rasa.shared.core.events.DefinePrevUserUtteredFeaturization object at 0x39284b430>]
2025-05-13 22:35:15 DEBUG    rasa.core.processor  - [debug    ] processor.actions.log          action_name=utter_architecture_response rasa_events=[BotUttered('Архитектура ПО включает выбор структур, которые обеспечивают масштабируемость, гибкость и поддерживаемость приложения. Задайте конкретный вопрос по этой теме, и я помогу вам с информацией.', {"elements": null, "quick_replies": null, "buttons": null, "attachment": null, "image": null, "custom": null}, {"utter_action": "utter_architecture_response"}, 1747150515.783197)]
2025-05-13 22:35:15 DEBUG    rasa.engine.runner.dask  - Running graph with inputs: {'__tracker__': <rasa.shared.core.trackers.DialogueStateTracker object at 0x3925e8070>}, targets: ['select_prediction'] and ExecutionContext(model_id='b095e6e2d1734904be3868e3f8c66323', should_add_diagnostic_data=False, is_finetuning=False, node_name=None).
2025-05-13 22:35:15 DEBUG    rasa.engine.graph  - Node 'rule_only_data_provider' running 'RuleOnlyDataProvider.provide'.
2025-05-13 22:35:15 DEBUG    rasa.engine.graph  - Node 'domain_provider' running 'DomainProvider.provide_inference'.
2025-05-13 22:35:15 DEBUG    rasa.engine.graph  - Node 'run_MemoizationPolicy0' running 'MemoizationPolicy.predict_action_probabilities'.
2025-05-13 22:35:15 DEBUG    rasa.core.policies.memoization  - [debug    ] memoization.predict.actions    tracker_states=[{}, {'user': {'intent': 'greet'}, 'prev_action': {'action_name': 'action_listen'}}, {'user': {'intent': 'greet'}, 'prev_action': {'action_name': 'utter_greet'}}, {'user': {'intent': 'ask_architecture'}, 'prev_action': {'action_name': 'action_listen'}}, {'user': {'intent': 'ask_architecture'}, 'prev_action': {'action_name': 'utter_architecture_response'}}, {'user': {'intent': 'ask_architecture'}, 'prev_action': {'action_name': 'action_listen'}}, {'user': {'intent': 'ask_architecture'}, 'prev_action': {'action_name': 'utter_architecture_response'}}]
2025-05-13 22:35:15 DEBUG    rasa.core.policies.memoization  - There is no memorised next action
2025-05-13 22:35:15 DEBUG    rasa.engine.graph  - Node 'run_RulePolicy1' running 'RulePolicy.predict_action_probabilities'.
2025-05-13 22:35:15 DEBUG    rasa.core.policies.rule_policy  - [debug    ] rule_policy.actions.find       current_states=
[state 1] user intent: greet | previous action name: action_listen
[state 2] user intent: greet | previous action name: utter_greet
[state 3] user intent: ask_architecture | previous action name: action_listen
[state 4] user intent: ask_architecture | previous action name: utter_architecture_response
[state 5] user intent: ask_architecture | previous action name: action_listen
[state 6] user intent: ask_architecture | previous action name: utter_architecture_response
2025-05-13 22:35:15 DEBUG    rasa.core.policies.rule_policy  - There is a rule for the next action 'action_listen'.
2025-05-13 22:35:15 DEBUG    rasa.engine.graph  - Node 'run_TEDPolicy2' running 'TEDPolicy.predict_action_probabilities'.
2025-05-13 22:35:15 DEBUG    rasa.core.policies.ted_policy  - TED predicted 'action_listen' based on user intent.
2025-05-13 22:35:15 DEBUG    rasa.engine.graph  - Node 'select_prediction' running 'DefaultPolicyPredictionEnsemble.combine_predictions_from_kwargs'.
2025-05-13 22:35:15 DEBUG    rasa.core.policies.ensemble  - Predicted next action using RulePolicy.
2025-05-13 22:35:15 DEBUG    rasa.core.processor  - Predicted next action 'action_listen' with confidence 1.00.
2025-05-13 22:35:15 DEBUG    rasa.core.processor  - [debug    ] processor.actions.policy_prediction prediction_events=[]
2025-05-13 22:35:15 DEBUG    rasa.core.processor  - [debug    ] processor.actions.log          action_name=action_listen rasa_events=[]
2025-05-13 22:35:15 DEBUG    rasa.core.tracker_store  - No event broker configured. Skipping streaming events.
2025-05-13 22:35:15 DEBUG    rasa.core.lock_store  - Deleted lock for conversation 'PractikumStudent'.
2025-05-13 22:35:23 DEBUG    rasa.core.lock_store  - Issuing ticket for conversation 'PractikumStudent'.
2025-05-13 22:35:23 DEBUG    rasa.core.lock_store  - Acquiring lock for conversation 'PractikumStudent'.
2025-05-13 22:35:23 DEBUG    rasa.core.lock_store  - Acquired lock for conversation 'PractikumStudent'.
2025-05-13 22:35:23 DEBUG    rasa.core.tracker_store  - Recreating tracker for id 'PractikumStudent'
2025-05-13 22:35:23 DEBUG    rasa.engine.runner.dask  - Running graph with inputs: {'__message__': [<rasa.core.channels.channel.UserMessage object at 0x10604b1f0>], '__tracker__': <rasa.shared.core.trackers.DialogueStateTracker object at 0x39670c3d0>}, targets: ['run_RegexMessageHandler'] and ExecutionContext(model_id='b095e6e2d1734904be3868e3f8c66323', should_add_diagnostic_data=False, is_finetuning=False, node_name=None).
2025-05-13 22:35:23 DEBUG    rasa.engine.graph  - Node 'nlu_message_converter' running 'NLUMessageConverter.convert_user_message'.
2025-05-13 22:35:23 DEBUG    rasa.engine.graph  - Node 'run_WhitespaceTokenizer0' running 'WhitespaceTokenizer.process'.
2025-05-13 22:35:23 DEBUG    rasa.engine.graph  - Node 'run_RegexFeaturizer1' running 'RegexFeaturizer.process'.
2025-05-13 22:35:23 DEBUG    rasa.engine.graph  - Node 'run_LexicalSyntacticFeaturizer2' running 'LexicalSyntacticFeaturizer.process'.
2025-05-13 22:35:23 DEBUG    rasa.engine.graph  - Node 'run_CountVectorsFeaturizer3' running 'CountVectorsFeaturizer.process'.
2025-05-13 22:35:23 DEBUG    rasa.engine.graph  - Node 'run_LanguageModelFeaturizer4' running 'LanguageModelFeaturizer.process'.
2025-05-13 22:35:23 DEBUG    rasa.engine.graph  - Node 'run_DIETClassifier5' running 'DIETClassifier.process'.
2025-05-13 22:35:23 DEBUG    rasa.engine.graph  - Node 'run_EntitySynonymMapper6' running 'EntitySynonymMapper.process'.
2025-05-13 22:35:23 DEBUG    rasa.engine.graph  - Node 'run_ResponseSelector7' running 'ResponseSelector.process'.
2025-05-13 22:35:23 DEBUG    rasa.nlu.classifiers.diet_classifier  - There is no trained model for 'ResponseSelector': The component is either not trained or didn't receive enough training data.
2025-05-13 22:35:23 DEBUG    rasa.nlu.selectors.response_selector  - Adding following selector key to message property: default
2025-05-13 22:35:23 DEBUG    rasa.engine.graph  - Node 'domain_provider' running 'DomainProvider.provide_inference'.
2025-05-13 22:35:23 DEBUG    rasa.engine.graph  - Node 'run_RegexMessageHandler' running 'RegexMessageHandler.process'.
2025-05-13 22:35:23 DEBUG    rasa.core.processor  - [debug    ] processor.message.parse        parse_data_entities=[] parse_data_intent={'name': 'request_info', 'confidence': 0.6601024270057678} parse_data_text=Расскажите больше об этом
2025-05-13 22:35:23 DEBUG    rasa.core.processor  - Logged UserUtterance - tracker now has 22 events.
2025-05-13 22:35:23 DEBUG    rasa.core.actions.action  - Validating extracted slots: topic
2025-05-13 22:35:23 DEBUG    rasa.core.processor  - [debug    ] processor.extract.slots        action_extract_slot=action_extract_slots len_extraction_events=1 rasa_events=[SlotSet(key: topic, value: Расскажите больше об этом)]
2025-05-13 22:35:23 DEBUG    rasa.engine.runner.dask  - Running graph with inputs: {'__tracker__': <rasa.shared.core.trackers.DialogueStateTracker object at 0x39670c3d0>}, targets: ['select_prediction'] and ExecutionContext(model_id='b095e6e2d1734904be3868e3f8c66323', should_add_diagnostic_data=False, is_finetuning=False, node_name=None).
2025-05-13 22:35:23 DEBUG    rasa.engine.graph  - Node 'rule_only_data_provider' running 'RuleOnlyDataProvider.provide'.
2025-05-13 22:35:23 DEBUG    rasa.engine.graph  - Node 'domain_provider' running 'DomainProvider.provide_inference'.
2025-05-13 22:35:23 DEBUG    rasa.engine.graph  - Node 'run_MemoizationPolicy0' running 'MemoizationPolicy.predict_action_probabilities'.
2025-05-13 22:35:23 DEBUG    rasa.core.policies.memoization  - [debug    ] memoization.predict.actions    tracker_states=[{}, {'user': {'intent': 'greet'}, 'prev_action': {'action_name': 'action_listen'}}, {'user': {'intent': 'greet'}, 'prev_action': {'action_name': 'utter_greet'}}, {'user': {'intent': 'ask_architecture'}, 'prev_action': {'action_name': 'action_listen'}}, {'user': {'intent': 'ask_architecture'}, 'prev_action': {'action_name': 'utter_architecture_response'}}, {'user': {'intent': 'ask_architecture'}, 'prev_action': {'action_name': 'action_listen'}}, {'user': {'intent': 'ask_architecture'}, 'prev_action': {'action_name': 'utter_architecture_response'}}, {'user': {'intent': 'request_info'}, 'prev_action': {'action_name': 'action_listen'}}]
2025-05-13 22:35:23 DEBUG    rasa.core.policies.memoization  - There is no memorised next action
2025-05-13 22:35:23 DEBUG    rasa.engine.graph  - Node 'run_RulePolicy1' running 'RulePolicy.predict_action_probabilities'.
2025-05-13 22:35:23 DEBUG    rasa.core.policies.rule_policy  - [debug    ] rule_policy.actions.find       current_states=
[state 1] user intent: greet | previous action name: action_listen
[state 2] user intent: greet | previous action name: utter_greet
[state 3] user intent: ask_architecture | previous action name: action_listen
[state 4] user intent: ask_architecture | previous action name: utter_architecture_response
[state 5] user intent: ask_architecture | previous action name: action_listen
[state 6] user intent: ask_architecture | previous action name: utter_architecture_response
[state 7] user text: Расскажите больше об этом | previous action name: action_listen
2025-05-13 22:35:23 DEBUG    rasa.core.policies.rule_policy  - There is no applicable rule.
2025-05-13 22:35:23 DEBUG    rasa.core.policies.rule_policy  - [debug    ] rule_policy.actions.find       current_states=
[state 1] user intent: greet | previous action name: action_listen
[state 2] user intent: greet | previous action name: utter_greet
[state 3] user intent: ask_architecture | previous action name: action_listen
[state 4] user intent: ask_architecture | previous action name: utter_architecture_response
[state 5] user intent: ask_architecture | previous action name: action_listen
[state 6] user intent: ask_architecture | previous action name: utter_architecture_response
[state 7] user intent: request_info | previous action name: action_listen
2025-05-13 22:35:23 DEBUG    rasa.core.policies.rule_policy  - There is a rule for the next action 'utter_ask_more'.
2025-05-13 22:35:23 DEBUG    rasa.engine.graph  - Node 'run_TEDPolicy2' running 'TEDPolicy.predict_action_probabilities'.
2025-05-13 22:35:23 DEBUG    rasa.core.policies.ted_policy  - TED predicted 'utter_ask_more' based on user intent.
2025-05-13 22:35:23 DEBUG    rasa.engine.graph  - Node 'select_prediction' running 'DefaultPolicyPredictionEnsemble.combine_predictions_from_kwargs'.
2025-05-13 22:35:23 DEBUG    rasa.core.policies.ensemble  - Made prediction using user intent.
2025-05-13 22:35:23 DEBUG    rasa.core.policies.ensemble  - Added `DefinePrevUserUtteredFeaturization(False)` event.
2025-05-13 22:35:23 DEBUG    rasa.core.policies.ensemble  - Predicted next action using RulePolicy.
2025-05-13 22:35:23 DEBUG    rasa.core.processor  - Predicted next action 'utter_ask_more' with confidence 1.00.
2025-05-13 22:35:23 DEBUG    rasa.core.processor  - [debug    ] processor.actions.policy_prediction prediction_events=[<rasa.shared.core.events.DefinePrevUserUtteredFeaturization object at 0x39284b6d0>]
2025-05-13 22:35:23 DEBUG    rasa.core.processor  - [debug    ] processor.actions.log          action_name=utter_ask_more rasa_events=[BotUttered('Что именно вас интересует в архитектуре программного обеспечения?', {"elements": null, "quick_replies": null, "buttons": null, "attachment": null, "image": null, "custom": null}, {"utter_action": "utter_ask_more"}, 1747150523.856936)]
2025-05-13 22:35:23 DEBUG    rasa.engine.runner.dask  - Running graph with inputs: {'__tracker__': <rasa.shared.core.trackers.DialogueStateTracker object at 0x39670c3d0>}, targets: ['select_prediction'] and ExecutionContext(model_id='b095e6e2d1734904be3868e3f8c66323', should_add_diagnostic_data=False, is_finetuning=False, node_name=None).
2025-05-13 22:35:23 DEBUG    rasa.engine.graph  - Node 'rule_only_data_provider' running 'RuleOnlyDataProvider.provide'.
2025-05-13 22:35:23 DEBUG    rasa.engine.graph  - Node 'domain_provider' running 'DomainProvider.provide_inference'.
2025-05-13 22:35:23 DEBUG    rasa.engine.graph  - Node 'run_MemoizationPolicy0' running 'MemoizationPolicy.predict_action_probabilities'.
2025-05-13 22:35:23 DEBUG    rasa.core.policies.memoization  - [debug    ] memoization.predict.actions    tracker_states=[{}, {'user': {'intent': 'greet'}, 'prev_action': {'action_name': 'action_listen'}}, {'user': {'intent': 'greet'}, 'prev_action': {'action_name': 'utter_greet'}}, {'user': {'intent': 'ask_architecture'}, 'prev_action': {'action_name': 'action_listen'}}, {'user': {'intent': 'ask_architecture'}, 'prev_action': {'action_name': 'utter_architecture_response'}}, {'user': {'intent': 'ask_architecture'}, 'prev_action': {'action_name': 'action_listen'}}, {'user': {'intent': 'ask_architecture'}, 'prev_action': {'action_name': 'utter_architecture_response'}}, {'user': {'intent': 'request_info'}, 'prev_action': {'action_name': 'action_listen'}}, {'user': {'intent': 'request_info'}, 'prev_action': {'action_name': 'utter_ask_more'}}]
2025-05-13 22:35:23 DEBUG    rasa.core.policies.memoization  - There is no memorised next action
2025-05-13 22:35:23 DEBUG    rasa.engine.graph  - Node 'run_RulePolicy1' running 'RulePolicy.predict_action_probabilities'.
2025-05-13 22:35:23 DEBUG    rasa.core.policies.rule_policy  - [debug    ] rule_policy.actions.find       current_states=
[state 1] user intent: greet | previous action name: action_listen
[state 2] user intent: greet | previous action name: utter_greet
[state 3] user intent: ask_architecture | previous action name: action_listen
[state 4] user intent: ask_architecture | previous action name: utter_architecture_response
[state 5] user intent: ask_architecture | previous action name: action_listen
[state 6] user intent: ask_architecture | previous action name: utter_architecture_response
[state 7] user intent: request_info | previous action name: action_listen
[state 8] user intent: request_info | previous action name: utter_ask_more
2025-05-13 22:35:23 DEBUG    rasa.core.policies.rule_policy  - There is a rule for the next action 'action_listen'.
2025-05-13 22:35:23 DEBUG    rasa.engine.graph  - Node 'run_TEDPolicy2' running 'TEDPolicy.predict_action_probabilities'.
2025-05-13 22:35:23 DEBUG    rasa.core.policies.ted_policy  - TED predicted 'action_listen' based on user intent.
2025-05-13 22:35:23 DEBUG    rasa.engine.graph  - Node 'select_prediction' running 'DefaultPolicyPredictionEnsemble.combine_predictions_from_kwargs'.
2025-05-13 22:35:23 DEBUG    rasa.core.policies.ensemble  - Predicted next action using RulePolicy.
2025-05-13 22:35:23 DEBUG    rasa.core.processor  - Predicted next action 'action_listen' with confidence 1.00.
2025-05-13 22:35:23 DEBUG    rasa.core.processor  - [debug    ] processor.actions.policy_prediction prediction_events=[]
2025-05-13 22:35:23 DEBUG    rasa.core.processor  - [debug    ] processor.actions.log          action_name=action_listen rasa_events=[]
2025-05-13 22:35:23 DEBUG    rasa.core.tracker_store  - No event broker configured. Skipping streaming events.
2025-05-13 22:35:23 DEBUG    rasa.core.lock_store  - Deleted lock for conversation 'PractikumStudent'.
2025-05-13 22:35:34 DEBUG    rasa.core.lock_store  - Issuing ticket for conversation 'PractikumStudent'.
2025-05-13 22:35:34 DEBUG    rasa.core.lock_store  - Acquiring lock for conversation 'PractikumStudent'.
2025-05-13 22:35:34 DEBUG    rasa.core.lock_store  - Acquired lock for conversation 'PractikumStudent'.
2025-05-13 22:35:34 DEBUG    rasa.core.tracker_store  - Recreating tracker for id 'PractikumStudent'
2025-05-13 22:35:34 DEBUG    rasa.engine.runner.dask  - Running graph with inputs: {'__message__': [<rasa.core.channels.channel.UserMessage object at 0x369b379d0>], '__tracker__': <rasa.shared.core.trackers.DialogueStateTracker object at 0x38c0a8c10>}, targets: ['run_RegexMessageHandler'] and ExecutionContext(model_id='b095e6e2d1734904be3868e3f8c66323', should_add_diagnostic_data=False, is_finetuning=False, node_name=None).
2025-05-13 22:35:34 DEBUG    rasa.engine.graph  - Node 'nlu_message_converter' running 'NLUMessageConverter.convert_user_message'.
2025-05-13 22:35:34 DEBUG    rasa.engine.graph  - Node 'run_WhitespaceTokenizer0' running 'WhitespaceTokenizer.process'.
2025-05-13 22:35:34 DEBUG    rasa.engine.graph  - Node 'run_RegexFeaturizer1' running 'RegexFeaturizer.process'.
2025-05-13 22:35:34 DEBUG    rasa.engine.graph  - Node 'run_LexicalSyntacticFeaturizer2' running 'LexicalSyntacticFeaturizer.process'.
2025-05-13 22:35:34 DEBUG    rasa.engine.graph  - Node 'run_CountVectorsFeaturizer3' running 'CountVectorsFeaturizer.process'.
2025-05-13 22:35:34 DEBUG    rasa.engine.graph  - Node 'run_LanguageModelFeaturizer4' running 'LanguageModelFeaturizer.process'.
2025-05-13 22:35:34 DEBUG    rasa.engine.graph  - Node 'run_DIETClassifier5' running 'DIETClassifier.process'.
2025-05-13 22:35:34 DEBUG    rasa.engine.graph  - Node 'run_EntitySynonymMapper6' running 'EntitySynonymMapper.process'.
2025-05-13 22:35:34 DEBUG    rasa.engine.graph  - Node 'run_ResponseSelector7' running 'ResponseSelector.process'.
2025-05-13 22:35:34 DEBUG    rasa.nlu.classifiers.diet_classifier  - There is no trained model for 'ResponseSelector': The component is either not trained or didn't receive enough training data.
2025-05-13 22:35:34 DEBUG    rasa.nlu.selectors.response_selector  - Adding following selector key to message property: default
2025-05-13 22:35:34 DEBUG    rasa.engine.graph  - Node 'domain_provider' running 'DomainProvider.provide_inference'.
2025-05-13 22:35:34 DEBUG    rasa.engine.graph  - Node 'run_RegexMessageHandler' running 'RegexMessageHandler.process'.
2025-05-13 22:35:34 DEBUG    rasa.core.processor  - [debug    ] processor.message.parse        parse_data_entities=[] parse_data_intent={'name': 'ask_architecture', 'confidence': 0.9912761449813843} parse_data_text=Как выбрать архитектуру ПО?
2025-05-13 22:35:34 DEBUG    rasa.core.processor  - Logged UserUtterance - tracker now has 28 events.
2025-05-13 22:35:34 DEBUG    rasa.core.actions.action  - Validating extracted slots: topic
2025-05-13 22:35:34 DEBUG    rasa.core.processor  - [debug    ] processor.extract.slots        action_extract_slot=action_extract_slots len_extraction_events=1 rasa_events=[SlotSet(key: topic, value: Как выбрать архитектуру ПО?)]
2025-05-13 22:35:34 DEBUG    rasa.engine.runner.dask  - Running graph with inputs: {'__tracker__': <rasa.shared.core.trackers.DialogueStateTracker object at 0x38c0a8c10>}, targets: ['select_prediction'] and ExecutionContext(model_id='b095e6e2d1734904be3868e3f8c66323', should_add_diagnostic_data=False, is_finetuning=False, node_name=None).
2025-05-13 22:35:34 DEBUG    rasa.engine.graph  - Node 'rule_only_data_provider' running 'RuleOnlyDataProvider.provide'.
2025-05-13 22:35:34 DEBUG    rasa.engine.graph  - Node 'domain_provider' running 'DomainProvider.provide_inference'.
2025-05-13 22:35:34 DEBUG    rasa.engine.graph  - Node 'run_MemoizationPolicy0' running 'MemoizationPolicy.predict_action_probabilities'.
2025-05-13 22:35:34 DEBUG    rasa.core.policies.memoization  - [debug    ] memoization.predict.actions    tracker_states=[{}, {'user': {'intent': 'greet'}, 'prev_action': {'action_name': 'action_listen'}}, {'user': {'intent': 'greet'}, 'prev_action': {'action_name': 'utter_greet'}}, {'user': {'intent': 'ask_architecture'}, 'prev_action': {'action_name': 'action_listen'}}, {'user': {'intent': 'ask_architecture'}, 'prev_action': {'action_name': 'utter_architecture_response'}}, {'user': {'intent': 'ask_architecture'}, 'prev_action': {'action_name': 'action_listen'}}, {'user': {'intent': 'ask_architecture'}, 'prev_action': {'action_name': 'utter_architecture_response'}}, {'user': {'intent': 'request_info'}, 'prev_action': {'action_name': 'action_listen'}}, {'user': {'intent': 'request_info'}, 'prev_action': {'action_name': 'utter_ask_more'}}, {'user': {'intent': 'ask_architecture'}, 'prev_action': {'action_name': 'action_listen'}}]
2025-05-13 22:35:34 DEBUG    rasa.core.policies.memoization  - There is no memorised next action
2025-05-13 22:35:34 DEBUG    rasa.engine.graph  - Node 'run_RulePolicy1' running 'RulePolicy.predict_action_probabilities'.
2025-05-13 22:35:34 DEBUG    rasa.core.policies.rule_policy  - [debug    ] rule_policy.actions.find       current_states=
[state 1] user intent: greet | previous action name: action_listen
[state 2] user intent: greet | previous action name: utter_greet
[state 3] user intent: ask_architecture | previous action name: action_listen
[state 4] user intent: ask_architecture | previous action name: utter_architecture_response
[state 5] user intent: ask_architecture | previous action name: action_listen
[state 6] user intent: ask_architecture | previous action name: utter_architecture_response
[state 7] user intent: request_info | previous action name: action_listen
[state 8] user intent: request_info | previous action name: utter_ask_more
[state 9] user text: Как выбрать архитектуру ПО? | previous action name: action_listen
2025-05-13 22:35:34 DEBUG    rasa.core.policies.rule_policy  - There is no applicable rule.
2025-05-13 22:35:34 DEBUG    rasa.core.policies.rule_policy  - [debug    ] rule_policy.actions.find       current_states=
[state 1] user intent: greet | previous action name: action_listen
[state 2] user intent: greet | previous action name: utter_greet
[state 3] user intent: ask_architecture | previous action name: action_listen
[state 4] user intent: ask_architecture | previous action name: utter_architecture_response
[state 5] user intent: ask_architecture | previous action name: action_listen
[state 6] user intent: ask_architecture | previous action name: utter_architecture_response
[state 7] user intent: request_info | previous action name: action_listen
[state 8] user intent: request_info | previous action name: utter_ask_more
[state 9] user intent: ask_architecture | previous action name: action_listen
2025-05-13 22:35:34 DEBUG    rasa.core.policies.rule_policy  - There is a rule for the next action 'utter_architecture_response'.
2025-05-13 22:35:34 DEBUG    rasa.engine.graph  - Node 'run_TEDPolicy2' running 'TEDPolicy.predict_action_probabilities'.
2025-05-13 22:35:34 DEBUG    rasa.core.policies.ted_policy  - TED predicted 'utter_architecture_response' based on user intent.
2025-05-13 22:35:34 DEBUG    rasa.engine.graph  - Node 'select_prediction' running 'DefaultPolicyPredictionEnsemble.combine_predictions_from_kwargs'.
2025-05-13 22:35:34 DEBUG    rasa.core.policies.ensemble  - Made prediction using user intent.
2025-05-13 22:35:34 DEBUG    rasa.core.policies.ensemble  - Added `DefinePrevUserUtteredFeaturization(False)` event.
2025-05-13 22:35:34 DEBUG    rasa.core.policies.ensemble  - Predicted next action using RulePolicy.
2025-05-13 22:35:34 DEBUG    rasa.core.processor  - Predicted next action 'utter_architecture_response' with confidence 1.00.
2025-05-13 22:35:34 DEBUG    rasa.core.processor  - [debug    ] processor.actions.policy_prediction prediction_events=[<rasa.shared.core.events.DefinePrevUserUtteredFeaturization object at 0x39284ba90>]
2025-05-13 22:35:34 DEBUG    rasa.core.processor  - [debug    ] processor.actions.log          action_name=utter_architecture_response rasa_events=[BotUttered('Архитектура ПО включает выбор структур, которые обеспечивают масштабируемость, гибкость и поддерживаемость приложения. Задайте конкретный вопрос по этой теме, и я помогу вам с информацией.', {"elements": null, "quick_replies": null, "buttons": null, "attachment": null, "image": null, "custom": null}, {"utter_action": "utter_architecture_response"}, 1747150534.547967)]
2025-05-13 22:35:34 DEBUG    rasa.engine.runner.dask  - Running graph with inputs: {'__tracker__': <rasa.shared.core.trackers.DialogueStateTracker object at 0x38c0a8c10>}, targets: ['select_prediction'] and ExecutionContext(model_id='b095e6e2d1734904be3868e3f8c66323', should_add_diagnostic_data=False, is_finetuning=False, node_name=None).
2025-05-13 22:35:34 DEBUG    rasa.engine.graph  - Node 'rule_only_data_provider' running 'RuleOnlyDataProvider.provide'.
2025-05-13 22:35:34 DEBUG    rasa.engine.graph  - Node 'domain_provider' running 'DomainProvider.provide_inference'.
2025-05-13 22:35:34 DEBUG    rasa.engine.graph  - Node 'run_MemoizationPolicy0' running 'MemoizationPolicy.predict_action_probabilities'.
2025-05-13 22:35:34 DEBUG    rasa.core.policies.memoization  - [debug    ] memoization.predict.actions    tracker_states=[{}, {'user': {'intent': 'greet'}, 'prev_action': {'action_name': 'action_listen'}}, {'user': {'intent': 'greet'}, 'prev_action': {'action_name': 'utter_greet'}}, {'user': {'intent': 'ask_architecture'}, 'prev_action': {'action_name': 'action_listen'}}, {'user': {'intent': 'ask_architecture'}, 'prev_action': {'action_name': 'utter_architecture_response'}}, {'user': {'intent': 'ask_architecture'}, 'prev_action': {'action_name': 'action_listen'}}, {'user': {'intent': 'ask_architecture'}, 'prev_action': {'action_name': 'utter_architecture_response'}}, {'user': {'intent': 'request_info'}, 'prev_action': {'action_name': 'action_listen'}}, {'user': {'intent': 'request_info'}, 'prev_action': {'action_name': 'utter_ask_more'}}, {'user': {'intent': 'ask_architecture'}, 'prev_action': {'action_name': 'action_listen'}}, {'user': {'intent': 'ask_architecture'}, 'prev_action': {'action_name': 'utter_architecture_response'}}]
2025-05-13 22:35:34 DEBUG    rasa.core.policies.memoization  - There is no memorised next action
2025-05-13 22:35:34 DEBUG    rasa.engine.graph  - Node 'run_RulePolicy1' running 'RulePolicy.predict_action_probabilities'.
2025-05-13 22:35:34 DEBUG    rasa.core.policies.rule_policy  - [debug    ] rule_policy.actions.find       current_states=
[state 1] user intent: greet | previous action name: action_listen
[state 2] user intent: greet | previous action name: utter_greet
[state 3] user intent: ask_architecture | previous action name: action_listen
[state 4] user intent: ask_architecture | previous action name: utter_architecture_response
[state 5] user intent: ask_architecture | previous action name: action_listen
[state 6] user intent: ask_architecture | previous action name: utter_architecture_response
[state 7] user intent: request_info | previous action name: action_listen
[state 8] user intent: request_info | previous action name: utter_ask_more
[state 9] user intent: ask_architecture | previous action name: action_listen
[state 10] user intent: ask_architecture | previous action name: utter_architecture_response
2025-05-13 22:35:34 DEBUG    rasa.core.policies.rule_policy  - There is a rule for the next action 'action_listen'.
2025-05-13 22:35:34 DEBUG    rasa.engine.graph  - Node 'run_TEDPolicy2' running 'TEDPolicy.predict_action_probabilities'.
2025-05-13 22:35:34 DEBUG    rasa.core.policies.ted_policy  - TED predicted 'action_listen' based on user intent.
2025-05-13 22:35:34 DEBUG    rasa.engine.graph  - Node 'select_prediction' running 'DefaultPolicyPredictionEnsemble.combine_predictions_from_kwargs'.
2025-05-13 22:35:34 DEBUG    rasa.core.policies.ensemble  - Predicted next action using RulePolicy.
2025-05-13 22:35:34 DEBUG    rasa.core.processor  - Predicted next action 'action_listen' with confidence 1.00.
2025-05-13 22:35:34 DEBUG    rasa.core.processor  - [debug    ] processor.actions.policy_prediction prediction_events=[]
2025-05-13 22:35:34 DEBUG    rasa.core.processor  - [debug    ] processor.actions.log          action_name=action_listen rasa_events=[]
2025-05-13 22:35:34 DEBUG    rasa.core.tracker_store  - No event broker configured. Skipping streaming events.
2025-05-13 22:35:34 DEBUG    rasa.core.lock_store  - Deleted lock for conversation 'PractikumStudent'.
2025-05-13 22:36:13 DEBUG    rasa.core.lock_store  - Issuing ticket for conversation 'PractikumStudent'.
2025-05-13 22:36:13 DEBUG    rasa.core.lock_store  - Acquiring lock for conversation 'PractikumStudent'.
2025-05-13 22:36:13 DEBUG    rasa.core.lock_store  - Acquired lock for conversation 'PractikumStudent'.
2025-05-13 22:36:13 DEBUG    rasa.core.tracker_store  - Recreating tracker for id 'PractikumStudent'
2025-05-13 22:36:13 DEBUG    rasa.engine.runner.dask  - Running graph with inputs: {'__message__': [<rasa.core.channels.channel.UserMessage object at 0x3965fafa0>], '__tracker__': <rasa.shared.core.trackers.DialogueStateTracker object at 0x3925e80d0>}, targets: ['run_RegexMessageHandler'] and ExecutionContext(model_id='b095e6e2d1734904be3868e3f8c66323', should_add_diagnostic_data=False, is_finetuning=False, node_name=None).
2025-05-13 22:36:13 DEBUG    rasa.engine.graph  - Node 'nlu_message_converter' running 'NLUMessageConverter.convert_user_message'.
2025-05-13 22:36:13 DEBUG    rasa.engine.graph  - Node 'run_WhitespaceTokenizer0' running 'WhitespaceTokenizer.process'.
2025-05-13 22:36:13 DEBUG    rasa.engine.graph  - Node 'run_RegexFeaturizer1' running 'RegexFeaturizer.process'.
2025-05-13 22:36:13 DEBUG    rasa.engine.graph  - Node 'run_LexicalSyntacticFeaturizer2' running 'LexicalSyntacticFeaturizer.process'.
2025-05-13 22:36:13 DEBUG    rasa.engine.graph  - Node 'run_CountVectorsFeaturizer3' running 'CountVectorsFeaturizer.process'.
2025-05-13 22:36:13 DEBUG    rasa.engine.graph  - Node 'run_LanguageModelFeaturizer4' running 'LanguageModelFeaturizer.process'.
2025-05-13 22:36:13 DEBUG    rasa.engine.graph  - Node 'run_DIETClassifier5' running 'DIETClassifier.process'.
2025-05-13 22:36:13 DEBUG    rasa.engine.graph  - Node 'run_EntitySynonymMapper6' running 'EntitySynonymMapper.process'.
2025-05-13 22:36:13 DEBUG    rasa.engine.graph  - Node 'run_ResponseSelector7' running 'ResponseSelector.process'.
2025-05-13 22:36:13 DEBUG    rasa.nlu.classifiers.diet_classifier  - There is no trained model for 'ResponseSelector': The component is either not trained or didn't receive enough training data.
2025-05-13 22:36:13 DEBUG    rasa.nlu.selectors.response_selector  - Adding following selector key to message property: default
2025-05-13 22:36:13 DEBUG    rasa.engine.graph  - Node 'domain_provider' running 'DomainProvider.provide_inference'.
2025-05-13 22:36:13 DEBUG    rasa.engine.graph  - Node 'run_RegexMessageHandler' running 'RegexMessageHandler.process'.
2025-05-13 22:36:13 DEBUG    rasa.core.processor  - [debug    ] processor.message.parse        parse_data_entities=[] parse_data_intent={'name': 'request_info', 'confidence': 0.6022023558616638} parse_data_text=Можете уточнить?
2025-05-13 22:36:13 DEBUG    rasa.core.processor  - Logged UserUtterance - tracker now has 34 events.
2025-05-13 22:36:13 DEBUG    rasa.core.actions.action  - Validating extracted slots: topic
2025-05-13 22:36:13 DEBUG    rasa.core.processor  - [debug    ] processor.extract.slots        action_extract_slot=action_extract_slots len_extraction_events=1 rasa_events=[SlotSet(key: topic, value: Можете уточнить?)]
2025-05-13 22:36:13 DEBUG    rasa.engine.runner.dask  - Running graph with inputs: {'__tracker__': <rasa.shared.core.trackers.DialogueStateTracker object at 0x3925e80d0>}, targets: ['select_prediction'] and ExecutionContext(model_id='b095e6e2d1734904be3868e3f8c66323', should_add_diagnostic_data=False, is_finetuning=False, node_name=None).
2025-05-13 22:36:13 DEBUG    rasa.engine.graph  - Node 'rule_only_data_provider' running 'RuleOnlyDataProvider.provide'.
2025-05-13 22:36:13 DEBUG    rasa.engine.graph  - Node 'domain_provider' running 'DomainProvider.provide_inference'.
2025-05-13 22:36:13 DEBUG    rasa.engine.graph  - Node 'run_MemoizationPolicy0' running 'MemoizationPolicy.predict_action_probabilities'.
2025-05-13 22:36:13 DEBUG    rasa.core.policies.memoization  - [debug    ] memoization.predict.actions    tracker_states=[{}, {'user': {'intent': 'greet'}, 'prev_action': {'action_name': 'action_listen'}}, {'user': {'intent': 'greet'}, 'prev_action': {'action_name': 'utter_greet'}}, {'user': {'intent': 'ask_architecture'}, 'prev_action': {'action_name': 'action_listen'}}, {'user': {'intent': 'ask_architecture'}, 'prev_action': {'action_name': 'utter_architecture_response'}}, {'user': {'intent': 'ask_architecture'}, 'prev_action': {'action_name': 'action_listen'}}, {'user': {'intent': 'ask_architecture'}, 'prev_action': {'action_name': 'utter_architecture_response'}}, {'user': {'intent': 'request_info'}, 'prev_action': {'action_name': 'action_listen'}}, {'user': {'intent': 'request_info'}, 'prev_action': {'action_name': 'utter_ask_more'}}, {'user': {'intent': 'ask_architecture'}, 'prev_action': {'action_name': 'action_listen'}}, {'user': {'intent': 'ask_architecture'}, 'prev_action': {'action_name': 'utter_architecture_response'}}, {'user': {'intent': 'request_info'}, 'prev_action': {'action_name': 'action_listen'}}]
2025-05-13 22:36:13 DEBUG    rasa.core.policies.memoization  - There is no memorised next action
2025-05-13 22:36:13 DEBUG    rasa.engine.graph  - Node 'run_RulePolicy1' running 'RulePolicy.predict_action_probabilities'.
2025-05-13 22:36:13 DEBUG    rasa.core.policies.rule_policy  - [debug    ] rule_policy.actions.find       current_states=
[state 1] user intent: greet | previous action name: action_listen
[state 2] user intent: greet | previous action name: utter_greet
[state 3] user intent: ask_architecture | previous action name: action_listen
[state 4] user intent: ask_architecture | previous action name: utter_architecture_response
[state 5] user intent: ask_architecture | previous action name: action_listen
[state 6] user intent: ask_architecture | previous action name: utter_architecture_response
[state 7] user intent: request_info | previous action name: action_listen
[state 8] user intent: request_info | previous action name: utter_ask_more
[state 9] user intent: ask_architecture | previous action name: action_listen
[state 10] user intent: ask_architecture | previous action name: utter_architecture_response
[state 11] user text: Можете уточнить? | previous action name: action_listen
2025-05-13 22:36:13 DEBUG    rasa.core.policies.rule_policy  - There is no applicable rule.
2025-05-13 22:36:13 DEBUG    rasa.core.policies.rule_policy  - [debug    ] rule_policy.actions.find       current_states=
[state 1] user intent: greet | previous action name: action_listen
[state 2] user intent: greet | previous action name: utter_greet
[state 3] user intent: ask_architecture | previous action name: action_listen
[state 4] user intent: ask_architecture | previous action name: utter_architecture_response
[state 5] user intent: ask_architecture | previous action name: action_listen
[state 6] user intent: ask_architecture | previous action name: utter_architecture_response
[state 7] user intent: request_info | previous action name: action_listen
[state 8] user intent: request_info | previous action name: utter_ask_more
[state 9] user intent: ask_architecture | previous action name: action_listen
[state 10] user intent: ask_architecture | previous action name: utter_architecture_response
[state 11] user intent: request_info | previous action name: action_listen
2025-05-13 22:36:13 DEBUG    rasa.core.policies.rule_policy  - There is a rule for the next action 'utter_ask_more'.
2025-05-13 22:36:13 DEBUG    rasa.engine.graph  - Node 'run_TEDPolicy2' running 'TEDPolicy.predict_action_probabilities'.
2025-05-13 22:36:13 DEBUG    rasa.core.policies.ted_policy  - TED predicted 'utter_ask_more' based on user intent.
2025-05-13 22:36:13 DEBUG    rasa.engine.graph  - Node 'select_prediction' running 'DefaultPolicyPredictionEnsemble.combine_predictions_from_kwargs'.
2025-05-13 22:36:13 DEBUG    rasa.core.policies.ensemble  - Made prediction using user intent.
2025-05-13 22:36:13 DEBUG    rasa.core.policies.ensemble  - Added `DefinePrevUserUtteredFeaturization(False)` event.
2025-05-13 22:36:13 DEBUG    rasa.core.policies.ensemble  - Predicted next action using RulePolicy.
2025-05-13 22:36:13 DEBUG    rasa.core.processor  - Predicted next action 'utter_ask_more' with confidence 1.00.
2025-05-13 22:36:13 DEBUG    rasa.core.processor  - [debug    ] processor.actions.policy_prediction prediction_events=[<rasa.shared.core.events.DefinePrevUserUtteredFeaturization object at 0x39284b3a0>]
2025-05-13 22:36:13 DEBUG    rasa.core.processor  - [debug    ] processor.actions.log          action_name=utter_ask_more rasa_events=[BotUttered('Что именно вас интересует в архитектуре программного обеспечения?', {"elements": null, "quick_replies": null, "buttons": null, "attachment": null, "image": null, "custom": null}, {"utter_action": "utter_ask_more"}, 1747150573.2911181)]
2025-05-13 22:36:13 DEBUG    rasa.engine.runner.dask  - Running graph with inputs: {'__tracker__': <rasa.shared.core.trackers.DialogueStateTracker object at 0x3925e80d0>}, targets: ['select_prediction'] and ExecutionContext(model_id='b095e6e2d1734904be3868e3f8c66323', should_add_diagnostic_data=False, is_finetuning=False, node_name=None).
2025-05-13 22:36:13 DEBUG    rasa.engine.graph  - Node 'rule_only_data_provider' running 'RuleOnlyDataProvider.provide'.
2025-05-13 22:36:13 DEBUG    rasa.engine.graph  - Node 'domain_provider' running 'DomainProvider.provide_inference'.
2025-05-13 22:36:13 DEBUG    rasa.engine.graph  - Node 'run_MemoizationPolicy0' running 'MemoizationPolicy.predict_action_probabilities'.
2025-05-13 22:36:13 DEBUG    rasa.core.policies.memoization  - [debug    ] memoization.predict.actions    tracker_states=[{}, {'user': {'intent': 'greet'}, 'prev_action': {'action_name': 'action_listen'}}, {'user': {'intent': 'greet'}, 'prev_action': {'action_name': 'utter_greet'}}, {'user': {'intent': 'ask_architecture'}, 'prev_action': {'action_name': 'action_listen'}}, {'user': {'intent': 'ask_architecture'}, 'prev_action': {'action_name': 'utter_architecture_response'}}, {'user': {'intent': 'ask_architecture'}, 'prev_action': {'action_name': 'action_listen'}}, {'user': {'intent': 'ask_architecture'}, 'prev_action': {'action_name': 'utter_architecture_response'}}, {'user': {'intent': 'request_info'}, 'prev_action': {'action_name': 'action_listen'}}, {'user': {'intent': 'request_info'}, 'prev_action': {'action_name': 'utter_ask_more'}}, {'user': {'intent': 'ask_architecture'}, 'prev_action': {'action_name': 'action_listen'}}, {'user': {'intent': 'ask_architecture'}, 'prev_action': {'action_name': 'utter_architecture_response'}}, {'user': {'intent': 'request_info'}, 'prev_action': {'action_name': 'action_listen'}}, {'user': {'intent': 'request_info'}, 'prev_action': {'action_name': 'utter_ask_more'}}]
2025-05-13 22:36:13 DEBUG    rasa.core.policies.memoization  - There is no memorised next action
2025-05-13 22:36:13 DEBUG    rasa.engine.graph  - Node 'run_RulePolicy1' running 'RulePolicy.predict_action_probabilities'.
2025-05-13 22:36:13 DEBUG    rasa.core.policies.rule_policy  - [debug    ] rule_policy.actions.find       current_states=
[state 1] user intent: greet | previous action name: action_listen
[state 2] user intent: greet | previous action name: utter_greet
[state 3] user intent: ask_architecture | previous action name: action_listen
[state 4] user intent: ask_architecture | previous action name: utter_architecture_response
[state 5] user intent: ask_architecture | previous action name: action_listen
[state 6] user intent: ask_architecture | previous action name: utter_architecture_response
[state 7] user intent: request_info | previous action name: action_listen
[state 8] user intent: request_info | previous action name: utter_ask_more
[state 9] user intent: ask_architecture | previous action name: action_listen
[state 10] user intent: ask_architecture | previous action name: utter_architecture_response
[state 11] user intent: request_info | previous action name: action_listen
[state 12] user intent: request_info | previous action name: utter_ask_more
2025-05-13 22:36:13 DEBUG    rasa.core.policies.rule_policy  - There is a rule for the next action 'action_listen'.
2025-05-13 22:36:13 DEBUG    rasa.engine.graph  - Node 'run_TEDPolicy2' running 'TEDPolicy.predict_action_probabilities'.
2025-05-13 22:36:13 DEBUG    rasa.core.policies.ted_policy  - TED predicted 'action_listen' based on user intent.
2025-05-13 22:36:13 DEBUG    rasa.engine.graph  - Node 'select_prediction' running 'DefaultPolicyPredictionEnsemble.combine_predictions_from_kwargs'.
2025-05-13 22:36:13 DEBUG    rasa.core.policies.ensemble  - Predicted next action using RulePolicy.
2025-05-13 22:36:13 DEBUG    rasa.core.processor  - Predicted next action 'action_listen' with confidence 1.00.
2025-05-13 22:36:13 DEBUG    rasa.core.processor  - [debug    ] processor.actions.policy_prediction prediction_events=[]
2025-05-13 22:36:13 DEBUG    rasa.core.processor  - [debug    ] processor.actions.log          action_name=action_listen rasa_events=[]
2025-05-13 22:36:13 DEBUG    rasa.core.tracker_store  - No event broker configured. Skipping streaming events.
2025-05-13 22:36:13 DEBUG    rasa.core.lock_store  - Deleted lock for conversation 'PractikumStudent'.
2025-05-13 22:36:27 DEBUG    rasa.core.lock_store  - Issuing ticket for conversation 'PractikumStudent'.
2025-05-13 22:36:27 DEBUG    rasa.core.lock_store  - Acquiring lock for conversation 'PractikumStudent'.
2025-05-13 22:36:27 DEBUG    rasa.core.lock_store  - Acquired lock for conversation 'PractikumStudent'.
2025-05-13 22:36:27 DEBUG    rasa.core.tracker_store  - Recreating tracker for id 'PractikumStudent'
2025-05-13 22:36:27 DEBUG    rasa.engine.runner.dask  - Running graph with inputs: {'__message__': [<rasa.core.channels.channel.UserMessage object at 0x3965fafa0>], '__tracker__': <rasa.shared.core.trackers.DialogueStateTracker object at 0x3926bad30>}, targets: ['run_RegexMessageHandler'] and ExecutionContext(model_id='b095e6e2d1734904be3868e3f8c66323', should_add_diagnostic_data=False, is_finetuning=False, node_name=None).
2025-05-13 22:36:27 DEBUG    rasa.engine.graph  - Node 'nlu_message_converter' running 'NLUMessageConverter.convert_user_message'.
2025-05-13 22:36:27 DEBUG    rasa.engine.graph  - Node 'run_WhitespaceTokenizer0' running 'WhitespaceTokenizer.process'.
2025-05-13 22:36:27 DEBUG    rasa.engine.graph  - Node 'run_RegexFeaturizer1' running 'RegexFeaturizer.process'.
2025-05-13 22:36:27 DEBUG    rasa.engine.graph  - Node 'run_LexicalSyntacticFeaturizer2' running 'LexicalSyntacticFeaturizer.process'.
2025-05-13 22:36:27 DEBUG    rasa.engine.graph  - Node 'run_CountVectorsFeaturizer3' running 'CountVectorsFeaturizer.process'.
2025-05-13 22:36:27 DEBUG    rasa.engine.graph  - Node 'run_LanguageModelFeaturizer4' running 'LanguageModelFeaturizer.process'.
2025-05-13 22:36:27 DEBUG    rasa.engine.graph  - Node 'run_DIETClassifier5' running 'DIETClassifier.process'.
2025-05-13 22:36:27 DEBUG    rasa.engine.graph  - Node 'run_EntitySynonymMapper6' running 'EntitySynonymMapper.process'.
2025-05-13 22:36:27 DEBUG    rasa.engine.graph  - Node 'run_ResponseSelector7' running 'ResponseSelector.process'.
2025-05-13 22:36:27 DEBUG    rasa.nlu.classifiers.diet_classifier  - There is no trained model for 'ResponseSelector': The component is either not trained or didn't receive enough training data.
2025-05-13 22:36:27 DEBUG    rasa.nlu.selectors.response_selector  - Adding following selector key to message property: default
2025-05-13 22:36:27 DEBUG    rasa.engine.graph  - Node 'domain_provider' running 'DomainProvider.provide_inference'.
2025-05-13 22:36:27 DEBUG    rasa.engine.graph  - Node 'run_RegexMessageHandler' running 'RegexMessageHandler.process'.
2025-05-13 22:36:27 DEBUG    rasa.core.processor  - [debug    ] processor.message.parse        parse_data_entities=[] parse_data_intent={'name': 'ask_architecture', 'confidence': 0.9898415207862854} parse_data_text=Что такое микросервисная архитектура?
2025-05-13 22:36:27 DEBUG    rasa.core.processor  - Logged UserUtterance - tracker now has 40 events.
2025-05-13 22:36:27 DEBUG    rasa.core.actions.action  - Validating extracted slots: topic
2025-05-13 22:36:27 DEBUG    rasa.core.processor  - [debug    ] processor.extract.slots        action_extract_slot=action_extract_slots len_extraction_events=1 rasa_events=[SlotSet(key: topic, value: Что такое микросервисная архитектура?)]
2025-05-13 22:36:27 DEBUG    rasa.engine.runner.dask  - Running graph with inputs: {'__tracker__': <rasa.shared.core.trackers.DialogueStateTracker object at 0x3926bad30>}, targets: ['select_prediction'] and ExecutionContext(model_id='b095e6e2d1734904be3868e3f8c66323', should_add_diagnostic_data=False, is_finetuning=False, node_name=None).
2025-05-13 22:36:27 DEBUG    rasa.engine.graph  - Node 'rule_only_data_provider' running 'RuleOnlyDataProvider.provide'.
2025-05-13 22:36:27 DEBUG    rasa.engine.graph  - Node 'domain_provider' running 'DomainProvider.provide_inference'.
2025-05-13 22:36:27 DEBUG    rasa.engine.graph  - Node 'run_MemoizationPolicy0' running 'MemoizationPolicy.predict_action_probabilities'.
2025-05-13 22:36:27 DEBUG    rasa.core.policies.memoization  - [debug    ] memoization.predict.actions    tracker_states=[{}, {'user': {'intent': 'greet'}, 'prev_action': {'action_name': 'action_listen'}}, {'user': {'intent': 'greet'}, 'prev_action': {'action_name': 'utter_greet'}}, {'user': {'intent': 'ask_architecture'}, 'prev_action': {'action_name': 'action_listen'}}, {'user': {'intent': 'ask_architecture'}, 'prev_action': {'action_name': 'utter_architecture_response'}}, {'user': {'intent': 'ask_architecture'}, 'prev_action': {'action_name': 'action_listen'}}, {'user': {'intent': 'ask_architecture'}, 'prev_action': {'action_name': 'utter_architecture_response'}}, {'user': {'intent': 'request_info'}, 'prev_action': {'action_name': 'action_listen'}}, {'user': {'intent': 'request_info'}, 'prev_action': {'action_name': 'utter_ask_more'}}, {'user': {'intent': 'ask_architecture'}, 'prev_action': {'action_name': 'action_listen'}}, {'user': {'intent': 'ask_architecture'}, 'prev_action': {'action_name': 'utter_architecture_response'}}, {'user': {'intent': 'request_info'}, 'prev_action': {'action_name': 'action_listen'}}, {'user': {'intent': 'request_info'}, 'prev_action': {'action_name': 'utter_ask_more'}}, {'user': {'intent': 'ask_architecture'}, 'prev_action': {'action_name': 'action_listen'}}]
2025-05-13 22:36:27 DEBUG    rasa.core.policies.memoization  - There is no memorised next action
2025-05-13 22:36:27 DEBUG    rasa.engine.graph  - Node 'run_RulePolicy1' running 'RulePolicy.predict_action_probabilities'.
2025-05-13 22:36:27 DEBUG    rasa.core.policies.rule_policy  - [debug    ] rule_policy.actions.find       current_states=
[state 1] user intent: greet | previous action name: action_listen
[state 2] user intent: greet | previous action name: utter_greet
[state 3] user intent: ask_architecture | previous action name: action_listen
[state 4] user intent: ask_architecture | previous action name: utter_architecture_response
[state 5] user intent: ask_architecture | previous action name: action_listen
[state 6] user intent: ask_architecture | previous action name: utter_architecture_response
[state 7] user intent: request_info | previous action name: action_listen
[state 8] user intent: request_info | previous action name: utter_ask_more
[state 9] user intent: ask_architecture | previous action name: action_listen
[state 10] user intent: ask_architecture | previous action name: utter_architecture_response
[state 11] user intent: request_info | previous action name: action_listen
[state 12] user intent: request_info | previous action name: utter_ask_more
[state 13] user text: Что такое микросервисная архитектура? | previous action name: action_listen
2025-05-13 22:36:27 DEBUG    rasa.core.policies.rule_policy  - There is no applicable rule.
2025-05-13 22:36:27 DEBUG    rasa.core.policies.rule_policy  - [debug    ] rule_policy.actions.find       current_states=
[state 1] user intent: greet | previous action name: action_listen
[state 2] user intent: greet | previous action name: utter_greet
[state 3] user intent: ask_architecture | previous action name: action_listen
[state 4] user intent: ask_architecture | previous action name: utter_architecture_response
[state 5] user intent: ask_architecture | previous action name: action_listen
[state 6] user intent: ask_architecture | previous action name: utter_architecture_response
[state 7] user intent: request_info | previous action name: action_listen
[state 8] user intent: request_info | previous action name: utter_ask_more
[state 9] user intent: ask_architecture | previous action name: action_listen
[state 10] user intent: ask_architecture | previous action name: utter_architecture_response
[state 11] user intent: request_info | previous action name: action_listen
[state 12] user intent: request_info | previous action name: utter_ask_more
[state 13] user intent: ask_architecture | previous action name: action_listen
2025-05-13 22:36:27 DEBUG    rasa.core.policies.rule_policy  - There is a rule for the next action 'utter_architecture_response'.
2025-05-13 22:36:27 DEBUG    rasa.engine.graph  - Node 'run_TEDPolicy2' running 'TEDPolicy.predict_action_probabilities'.
2025-05-13 22:36:27 DEBUG    rasa.core.policies.ted_policy  - TED predicted 'utter_architecture_response' based on user intent.
2025-05-13 22:36:27 DEBUG    rasa.engine.graph  - Node 'select_prediction' running 'DefaultPolicyPredictionEnsemble.combine_predictions_from_kwargs'.
2025-05-13 22:36:27 DEBUG    rasa.core.policies.ensemble  - Made prediction using user intent.
2025-05-13 22:36:27 DEBUG    rasa.core.policies.ensemble  - Added `DefinePrevUserUtteredFeaturization(False)` event.
2025-05-13 22:36:27 DEBUG    rasa.core.policies.ensemble  - Predicted next action using RulePolicy.
2025-05-13 22:36:27 DEBUG    rasa.core.processor  - Predicted next action 'utter_architecture_response' with confidence 1.00.
2025-05-13 22:36:27 DEBUG    rasa.core.processor  - [debug    ] processor.actions.policy_prediction prediction_events=[<rasa.shared.core.events.DefinePrevUserUtteredFeaturization object at 0x39284b3a0>]
2025-05-13 22:36:27 DEBUG    rasa.core.processor  - [debug    ] processor.actions.log          action_name=utter_architecture_response rasa_events=[BotUttered('Архитектура ПО включает выбор структур, которые обеспечивают масштабируемость, гибкость и поддерживаемость приложения. Задайте конкретный вопрос по этой теме, и я помогу вам с информацией.', {"elements": null, "quick_replies": null, "buttons": null, "attachment": null, "image": null, "custom": null}, {"utter_action": "utter_architecture_response"}, 1747150587.722369)]
2025-05-13 22:36:27 DEBUG    rasa.engine.runner.dask  - Running graph with inputs: {'__tracker__': <rasa.shared.core.trackers.DialogueStateTracker object at 0x3926bad30>}, targets: ['select_prediction'] and ExecutionContext(model_id='b095e6e2d1734904be3868e3f8c66323', should_add_diagnostic_data=False, is_finetuning=False, node_name=None).
2025-05-13 22:36:27 DEBUG    rasa.engine.graph  - Node 'rule_only_data_provider' running 'RuleOnlyDataProvider.provide'.
2025-05-13 22:36:27 DEBUG    rasa.engine.graph  - Node 'domain_provider' running 'DomainProvider.provide_inference'.
2025-05-13 22:36:27 DEBUG    rasa.engine.graph  - Node 'run_MemoizationPolicy0' running 'MemoizationPolicy.predict_action_probabilities'.
2025-05-13 22:36:27 DEBUG    rasa.core.policies.memoization  - [debug    ] memoization.predict.actions    tracker_states=[{}, {'user': {'intent': 'greet'}, 'prev_action': {'action_name': 'action_listen'}}, {'user': {'intent': 'greet'}, 'prev_action': {'action_name': 'utter_greet'}}, {'user': {'intent': 'ask_architecture'}, 'prev_action': {'action_name': 'action_listen'}}, {'user': {'intent': 'ask_architecture'}, 'prev_action': {'action_name': 'utter_architecture_response'}}, {'user': {'intent': 'ask_architecture'}, 'prev_action': {'action_name': 'action_listen'}}, {'user': {'intent': 'ask_architecture'}, 'prev_action': {'action_name': 'utter_architecture_response'}}, {'user': {'intent': 'request_info'}, 'prev_action': {'action_name': 'action_listen'}}, {'user': {'intent': 'request_info'}, 'prev_action': {'action_name': 'utter_ask_more'}}, {'user': {'intent': 'ask_architecture'}, 'prev_action': {'action_name': 'action_listen'}}, {'user': {'intent': 'ask_architecture'}, 'prev_action': {'action_name': 'utter_architecture_response'}}, {'user': {'intent': 'request_info'}, 'prev_action': {'action_name': 'action_listen'}}, {'user': {'intent': 'request_info'}, 'prev_action': {'action_name': 'utter_ask_more'}}, {'user': {'intent': 'ask_architecture'}, 'prev_action': {'action_name': 'action_listen'}}, {'user': {'intent': 'ask_architecture'}, 'prev_action': {'action_name': 'utter_architecture_response'}}]
2025-05-13 22:36:27 DEBUG    rasa.core.policies.memoization  - There is no memorised next action
2025-05-13 22:36:27 DEBUG    rasa.engine.graph  - Node 'run_RulePolicy1' running 'RulePolicy.predict_action_probabilities'.
2025-05-13 22:36:27 DEBUG    rasa.core.policies.rule_policy  - [debug    ] rule_policy.actions.find       current_states=
[state 1] user intent: greet | previous action name: action_listen
[state 2] user intent: greet | previous action name: utter_greet
[state 3] user intent: ask_architecture | previous action name: action_listen
[state 4] user intent: ask_architecture | previous action name: utter_architecture_response
[state 5] user intent: ask_architecture | previous action name: action_listen
[state 6] user intent: ask_architecture | previous action name: utter_architecture_response
[state 7] user intent: request_info | previous action name: action_listen
[state 8] user intent: request_info | previous action name: utter_ask_more
[state 9] user intent: ask_architecture | previous action name: action_listen
[state 10] user intent: ask_architecture | previous action name: utter_architecture_response
[state 11] user intent: request_info | previous action name: action_listen
[state 12] user intent: request_info | previous action name: utter_ask_more
[state 13] user intent: ask_architecture | previous action name: action_listen
[state 14] user intent: ask_architecture | previous action name: utter_architecture_response
2025-05-13 22:36:27 DEBUG    rasa.core.policies.rule_policy  - There is a rule for the next action 'action_listen'.
2025-05-13 22:36:27 DEBUG    rasa.engine.graph  - Node 'run_TEDPolicy2' running 'TEDPolicy.predict_action_probabilities'.
2025-05-13 22:36:27 DEBUG    rasa.core.policies.ted_policy  - TED predicted 'action_listen' based on user intent.
2025-05-13 22:36:27 DEBUG    rasa.engine.graph  - Node 'select_prediction' running 'DefaultPolicyPredictionEnsemble.combine_predictions_from_kwargs'.
2025-05-13 22:36:27 DEBUG    rasa.core.policies.ensemble  - Predicted next action using RulePolicy.
2025-05-13 22:36:27 DEBUG    rasa.core.processor  - Predicted next action 'action_listen' with confidence 1.00.
2025-05-13 22:36:27 DEBUG    rasa.core.processor  - [debug    ] processor.actions.policy_prediction prediction_events=[]
2025-05-13 22:36:27 DEBUG    rasa.core.processor  - [debug    ] processor.actions.log          action_name=action_listen rasa_events=[]
2025-05-13 22:36:27 DEBUG    rasa.core.tracker_store  - No event broker configured. Skipping streaming events.
2025-05-13 22:36:27 DEBUG    rasa.core.lock_store  - Deleted lock for conversation 'PractikumStudent'.
2025-05-13 22:36:40 DEBUG    rasa.core.lock_store  - Issuing ticket for conversation 'PractikumStudent'.
2025-05-13 22:36:40 DEBUG    rasa.core.lock_store  - Acquiring lock for conversation 'PractikumStudent'.
2025-05-13 22:36:40 DEBUG    rasa.core.lock_store  - Acquired lock for conversation 'PractikumStudent'.
2025-05-13 22:36:40 DEBUG    rasa.core.tracker_store  - Recreating tracker for id 'PractikumStudent'
2025-05-13 22:36:40 DEBUG    rasa.engine.runner.dask  - Running graph with inputs: {'__message__': [<rasa.core.channels.channel.UserMessage object at 0x3965fafa0>], '__tracker__': <rasa.shared.core.trackers.DialogueStateTracker object at 0x3926bad30>}, targets: ['run_RegexMessageHandler'] and ExecutionContext(model_id='b095e6e2d1734904be3868e3f8c66323', should_add_diagnostic_data=False, is_finetuning=False, node_name=None).
2025-05-13 22:36:40 DEBUG    rasa.engine.graph  - Node 'nlu_message_converter' running 'NLUMessageConverter.convert_user_message'.
2025-05-13 22:36:40 DEBUG    rasa.engine.graph  - Node 'run_WhitespaceTokenizer0' running 'WhitespaceTokenizer.process'.
2025-05-13 22:36:40 DEBUG    rasa.engine.graph  - Node 'run_RegexFeaturizer1' running 'RegexFeaturizer.process'.
2025-05-13 22:36:40 DEBUG    rasa.engine.graph  - Node 'run_LexicalSyntacticFeaturizer2' running 'LexicalSyntacticFeaturizer.process'.
2025-05-13 22:36:40 DEBUG    rasa.engine.graph  - Node 'run_CountVectorsFeaturizer3' running 'CountVectorsFeaturizer.process'.
2025-05-13 22:36:40 DEBUG    rasa.engine.graph  - Node 'run_LanguageModelFeaturizer4' running 'LanguageModelFeaturizer.process'.
2025-05-13 22:36:40 DEBUG    rasa.engine.graph  - Node 'run_DIETClassifier5' running 'DIETClassifier.process'.
2025-05-13 22:36:40 DEBUG    rasa.engine.graph  - Node 'run_EntitySynonymMapper6' running 'EntitySynonymMapper.process'.
2025-05-13 22:36:40 DEBUG    rasa.engine.graph  - Node 'run_ResponseSelector7' running 'ResponseSelector.process'.
2025-05-13 22:36:40 DEBUG    rasa.nlu.classifiers.diet_classifier  - There is no trained model for 'ResponseSelector': The component is either not trained or didn't receive enough training data.
2025-05-13 22:36:40 DEBUG    rasa.nlu.selectors.response_selector  - Adding following selector key to message property: default
2025-05-13 22:36:40 DEBUG    rasa.engine.graph  - Node 'domain_provider' running 'DomainProvider.provide_inference'.
2025-05-13 22:36:40 DEBUG    rasa.engine.graph  - Node 'run_RegexMessageHandler' running 'RegexMessageHandler.process'.
2025-05-13 22:36:40 DEBUG    rasa.core.processor  - [debug    ] processor.message.parse        parse_data_entities=[] parse_data_intent={'name': 'request_info', 'confidence': 0.6024625897407532} parse_data_text=Какие есть детали?
2025-05-13 22:36:40 DEBUG    rasa.core.processor  - Logged UserUtterance - tracker now has 46 events.
2025-05-13 22:36:40 DEBUG    rasa.core.actions.action  - Validating extracted slots: topic
2025-05-13 22:36:40 DEBUG    rasa.core.processor  - [debug    ] processor.extract.slots        action_extract_slot=action_extract_slots len_extraction_events=1 rasa_events=[SlotSet(key: topic, value: Какие есть детали?)]
2025-05-13 22:36:40 DEBUG    rasa.engine.runner.dask  - Running graph with inputs: {'__tracker__': <rasa.shared.core.trackers.DialogueStateTracker object at 0x3926bad30>}, targets: ['select_prediction'] and ExecutionContext(model_id='b095e6e2d1734904be3868e3f8c66323', should_add_diagnostic_data=False, is_finetuning=False, node_name=None).
2025-05-13 22:36:40 DEBUG    rasa.engine.graph  - Node 'rule_only_data_provider' running 'RuleOnlyDataProvider.provide'.
2025-05-13 22:36:40 DEBUG    rasa.engine.graph  - Node 'domain_provider' running 'DomainProvider.provide_inference'.
2025-05-13 22:36:40 DEBUG    rasa.engine.graph  - Node 'run_MemoizationPolicy0' running 'MemoizationPolicy.predict_action_probabilities'.
2025-05-13 22:36:40 DEBUG    rasa.core.policies.memoization  - [debug    ] memoization.predict.actions    tracker_states=[{}, {'user': {'intent': 'greet'}, 'prev_action': {'action_name': 'action_listen'}}, {'user': {'intent': 'greet'}, 'prev_action': {'action_name': 'utter_greet'}}, {'user': {'intent': 'ask_architecture'}, 'prev_action': {'action_name': 'action_listen'}}, {'user': {'intent': 'ask_architecture'}, 'prev_action': {'action_name': 'utter_architecture_response'}}, {'user': {'intent': 'ask_architecture'}, 'prev_action': {'action_name': 'action_listen'}}, {'user': {'intent': 'ask_architecture'}, 'prev_action': {'action_name': 'utter_architecture_response'}}, {'user': {'intent': 'request_info'}, 'prev_action': {'action_name': 'action_listen'}}, {'user': {'intent': 'request_info'}, 'prev_action': {'action_name': 'utter_ask_more'}}, {'user': {'intent': 'ask_architecture'}, 'prev_action': {'action_name': 'action_listen'}}, {'user': {'intent': 'ask_architecture'}, 'prev_action': {'action_name': 'utter_architecture_response'}}, {'user': {'intent': 'request_info'}, 'prev_action': {'action_name': 'action_listen'}}, {'user': {'intent': 'request_info'}, 'prev_action': {'action_name': 'utter_ask_more'}}, {'user': {'intent': 'ask_architecture'}, 'prev_action': {'action_name': 'action_listen'}}, {'user': {'intent': 'ask_architecture'}, 'prev_action': {'action_name': 'utter_architecture_response'}}, {'user': {'intent': 'request_info'}, 'prev_action': {'action_name': 'action_listen'}}]
2025-05-13 22:36:40 DEBUG    rasa.core.policies.memoization  - There is no memorised next action
2025-05-13 22:36:40 DEBUG    rasa.engine.graph  - Node 'run_RulePolicy1' running 'RulePolicy.predict_action_probabilities'.
2025-05-13 22:36:40 DEBUG    rasa.core.policies.rule_policy  - [debug    ] rule_policy.actions.find       current_states=
[state 1] user intent: greet | previous action name: action_listen
[state 2] user intent: greet | previous action name: utter_greet
[state 3] user intent: ask_architecture | previous action name: action_listen
[state 4] user intent: ask_architecture | previous action name: utter_architecture_response
[state 5] user intent: ask_architecture | previous action name: action_listen
[state 6] user intent: ask_architecture | previous action name: utter_architecture_response
[state 7] user intent: request_info | previous action name: action_listen
[state 8] user intent: request_info | previous action name: utter_ask_more
[state 9] user intent: ask_architecture | previous action name: action_listen
[state 10] user intent: ask_architecture | previous action name: utter_architecture_response
[state 11] user intent: request_info | previous action name: action_listen
[state 12] user intent: request_info | previous action name: utter_ask_more
[state 13] user intent: ask_architecture | previous action name: action_listen
[state 14] user intent: ask_architecture | previous action name: utter_architecture_response
[state 15] user text: Какие есть детали? | previous action name: action_listen
2025-05-13 22:36:40 DEBUG    rasa.core.policies.rule_policy  - There is no applicable rule.
2025-05-13 22:36:40 DEBUG    rasa.core.policies.rule_policy  - [debug    ] rule_policy.actions.find       current_states=
[state 1] user intent: greet | previous action name: action_listen
[state 2] user intent: greet | previous action name: utter_greet
[state 3] user intent: ask_architecture | previous action name: action_listen
[state 4] user intent: ask_architecture | previous action name: utter_architecture_response
[state 5] user intent: ask_architecture | previous action name: action_listen
[state 6] user intent: ask_architecture | previous action name: utter_architecture_response
[state 7] user intent: request_info | previous action name: action_listen
[state 8] user intent: request_info | previous action name: utter_ask_more
[state 9] user intent: ask_architecture | previous action name: action_listen
[state 10] user intent: ask_architecture | previous action name: utter_architecture_response
[state 11] user intent: request_info | previous action name: action_listen
[state 12] user intent: request_info | previous action name: utter_ask_more
[state 13] user intent: ask_architecture | previous action name: action_listen
[state 14] user intent: ask_architecture | previous action name: utter_architecture_response
[state 15] user intent: request_info | previous action name: action_listen
2025-05-13 22:36:40 DEBUG    rasa.core.policies.rule_policy  - There is a rule for the next action 'utter_ask_more'.
2025-05-13 22:36:40 DEBUG    rasa.engine.graph  - Node 'run_TEDPolicy2' running 'TEDPolicy.predict_action_probabilities'.
2025-05-13 22:36:40 DEBUG    rasa.core.policies.ted_policy  - TED predicted 'utter_ask_more' based on user intent.
2025-05-13 22:36:40 DEBUG    rasa.engine.graph  - Node 'select_prediction' running 'DefaultPolicyPredictionEnsemble.combine_predictions_from_kwargs'.
2025-05-13 22:36:40 DEBUG    rasa.core.policies.ensemble  - Made prediction using user intent.
2025-05-13 22:36:40 DEBUG    rasa.core.policies.ensemble  - Added `DefinePrevUserUtteredFeaturization(False)` event.
2025-05-13 22:36:40 DEBUG    rasa.core.policies.ensemble  - Predicted next action using RulePolicy.
2025-05-13 22:36:40 DEBUG    rasa.core.processor  - Predicted next action 'utter_ask_more' with confidence 1.00.
2025-05-13 22:36:40 DEBUG    rasa.core.processor  - [debug    ] processor.actions.policy_prediction prediction_events=[<rasa.shared.core.events.DefinePrevUserUtteredFeaturization object at 0x39284bc70>]
2025-05-13 22:36:40 DEBUG    rasa.core.processor  - [debug    ] processor.actions.log          action_name=utter_ask_more rasa_events=[BotUttered('Что именно вас интересует в архитектуре программного обеспечения?', {"elements": null, "quick_replies": null, "buttons": null, "attachment": null, "image": null, "custom": null}, {"utter_action": "utter_ask_more"}, 1747150600.895311)]
2025-05-13 22:36:40 DEBUG    rasa.engine.runner.dask  - Running graph with inputs: {'__tracker__': <rasa.shared.core.trackers.DialogueStateTracker object at 0x3926bad30>}, targets: ['select_prediction'] and ExecutionContext(model_id='b095e6e2d1734904be3868e3f8c66323', should_add_diagnostic_data=False, is_finetuning=False, node_name=None).
2025-05-13 22:36:40 DEBUG    rasa.engine.graph  - Node 'rule_only_data_provider' running 'RuleOnlyDataProvider.provide'.
2025-05-13 22:36:40 DEBUG    rasa.engine.graph  - Node 'domain_provider' running 'DomainProvider.provide_inference'.
2025-05-13 22:36:40 DEBUG    rasa.engine.graph  - Node 'run_MemoizationPolicy0' running 'MemoizationPolicy.predict_action_probabilities'.
2025-05-13 22:36:40 DEBUG    rasa.core.policies.memoization  - [debug    ] memoization.predict.actions    tracker_states=[{}, {'user': {'intent': 'greet'}, 'prev_action': {'action_name': 'action_listen'}}, {'user': {'intent': 'greet'}, 'prev_action': {'action_name': 'utter_greet'}}, {'user': {'intent': 'ask_architecture'}, 'prev_action': {'action_name': 'action_listen'}}, {'user': {'intent': 'ask_architecture'}, 'prev_action': {'action_name': 'utter_architecture_response'}}, {'user': {'intent': 'ask_architecture'}, 'prev_action': {'action_name': 'action_listen'}}, {'user': {'intent': 'ask_architecture'}, 'prev_action': {'action_name': 'utter_architecture_response'}}, {'user': {'intent': 'request_info'}, 'prev_action': {'action_name': 'action_listen'}}, {'user': {'intent': 'request_info'}, 'prev_action': {'action_name': 'utter_ask_more'}}, {'user': {'intent': 'ask_architecture'}, 'prev_action': {'action_name': 'action_listen'}}, {'user': {'intent': 'ask_architecture'}, 'prev_action': {'action_name': 'utter_architecture_response'}}, {'user': {'intent': 'request_info'}, 'prev_action': {'action_name': 'action_listen'}}, {'user': {'intent': 'request_info'}, 'prev_action': {'action_name': 'utter_ask_more'}}, {'user': {'intent': 'ask_architecture'}, 'prev_action': {'action_name': 'action_listen'}}, {'user': {'intent': 'ask_architecture'}, 'prev_action': {'action_name': 'utter_architecture_response'}}, {'user': {'intent': 'request_info'}, 'prev_action': {'action_name': 'action_listen'}}, {'user': {'intent': 'request_info'}, 'prev_action': {'action_name': 'utter_ask_more'}}]
2025-05-13 22:36:40 DEBUG    rasa.core.policies.memoization  - There is no memorised next action
2025-05-13 22:36:40 DEBUG    rasa.engine.graph  - Node 'run_RulePolicy1' running 'RulePolicy.predict_action_probabilities'.
2025-05-13 22:36:40 DEBUG    rasa.core.policies.rule_policy  - [debug    ] rule_policy.actions.find       current_states=
[state 1] user intent: greet | previous action name: action_listen
[state 2] user intent: greet | previous action name: utter_greet
[state 3] user intent: ask_architecture | previous action name: action_listen
[state 4] user intent: ask_architecture | previous action name: utter_architecture_response
[state 5] user intent: ask_architecture | previous action name: action_listen
[state 6] user intent: ask_architecture | previous action name: utter_architecture_response
[state 7] user intent: request_info | previous action name: action_listen
[state 8] user intent: request_info | previous action name: utter_ask_more
[state 9] user intent: ask_architecture | previous action name: action_listen
[state 10] user intent: ask_architecture | previous action name: utter_architecture_response
[state 11] user intent: request_info | previous action name: action_listen
[state 12] user intent: request_info | previous action name: utter_ask_more
[state 13] user intent: ask_architecture | previous action name: action_listen
[state 14] user intent: ask_architecture | previous action name: utter_architecture_response
[state 15] user intent: request_info | previous action name: action_listen
[state 16] user intent: request_info | previous action name: utter_ask_more
2025-05-13 22:36:40 DEBUG    rasa.core.policies.rule_policy  - There is a rule for the next action 'action_listen'.
2025-05-13 22:36:40 DEBUG    rasa.engine.graph  - Node 'run_TEDPolicy2' running 'TEDPolicy.predict_action_probabilities'.
2025-05-13 22:36:40 DEBUG    rasa.core.policies.ted_policy  - TED predicted 'action_listen' based on user intent.
2025-05-13 22:36:40 DEBUG    rasa.engine.graph  - Node 'select_prediction' running 'DefaultPolicyPredictionEnsemble.combine_predictions_from_kwargs'.
2025-05-13 22:36:40 DEBUG    rasa.core.policies.ensemble  - Predicted next action using RulePolicy.
2025-05-13 22:36:40 DEBUG    rasa.core.processor  - Predicted next action 'action_listen' with confidence 1.00.
2025-05-13 22:36:40 DEBUG    rasa.core.processor  - [debug    ] processor.actions.policy_prediction prediction_events=[]
2025-05-13 22:36:40 DEBUG    rasa.core.processor  - [debug    ] processor.actions.log          action_name=action_listen rasa_events=[]
2025-05-13 22:36:40 DEBUG    rasa.core.tracker_store  - No event broker configured. Skipping streaming events.
2025-05-13 22:36:40 DEBUG    rasa.core.lock_store  - Deleted lock for conversation 'PractikumStudent'.
2025-05-13 22:36:48 DEBUG    rasa.core.lock_store  - Issuing ticket for conversation 'PractikumStudent'.
2025-05-13 22:36:48 DEBUG    rasa.core.lock_store  - Acquiring lock for conversation 'PractikumStudent'.
2025-05-13 22:36:48 DEBUG    rasa.core.lock_store  - Acquired lock for conversation 'PractikumStudent'.
2025-05-13 22:36:48 DEBUG    rasa.core.tracker_store  - Recreating tracker for id 'PractikumStudent'
2025-05-13 22:36:48 DEBUG    rasa.engine.runner.dask  - Running graph with inputs: {'__message__': [<rasa.core.channels.channel.UserMessage object at 0x3965fafa0>], '__tracker__': <rasa.shared.core.trackers.DialogueStateTracker object at 0x3926bad30>}, targets: ['run_RegexMessageHandler'] and ExecutionContext(model_id='b095e6e2d1734904be3868e3f8c66323', should_add_diagnostic_data=False, is_finetuning=False, node_name=None).
2025-05-13 22:36:48 DEBUG    rasa.engine.graph  - Node 'nlu_message_converter' running 'NLUMessageConverter.convert_user_message'.
2025-05-13 22:36:48 DEBUG    rasa.engine.graph  - Node 'run_WhitespaceTokenizer0' running 'WhitespaceTokenizer.process'.
2025-05-13 22:36:48 DEBUG    rasa.engine.graph  - Node 'run_RegexFeaturizer1' running 'RegexFeaturizer.process'.
2025-05-13 22:36:48 DEBUG    rasa.engine.graph  - Node 'run_LexicalSyntacticFeaturizer2' running 'LexicalSyntacticFeaturizer.process'.
2025-05-13 22:36:48 DEBUG    rasa.engine.graph  - Node 'run_CountVectorsFeaturizer3' running 'CountVectorsFeaturizer.process'.
2025-05-13 22:36:48 DEBUG    rasa.engine.graph  - Node 'run_LanguageModelFeaturizer4' running 'LanguageModelFeaturizer.process'.
2025-05-13 22:36:48 DEBUG    rasa.engine.graph  - Node 'run_DIETClassifier5' running 'DIETClassifier.process'.
2025-05-13 22:36:48 DEBUG    rasa.engine.graph  - Node 'run_EntitySynonymMapper6' running 'EntitySynonymMapper.process'.
2025-05-13 22:36:48 DEBUG    rasa.engine.graph  - Node 'run_ResponseSelector7' running 'ResponseSelector.process'.
2025-05-13 22:36:48 DEBUG    rasa.nlu.classifiers.diet_classifier  - There is no trained model for 'ResponseSelector': The component is either not trained or didn't receive enough training data.
2025-05-13 22:36:48 DEBUG    rasa.nlu.selectors.response_selector  - Adding following selector key to message property: default
2025-05-13 22:36:48 DEBUG    rasa.engine.graph  - Node 'domain_provider' running 'DomainProvider.provide_inference'.
2025-05-13 22:36:48 DEBUG    rasa.engine.graph  - Node 'run_RegexMessageHandler' running 'RegexMessageHandler.process'.
2025-05-13 22:36:48 DEBUG    rasa.core.processor  - [debug    ] processor.message.parse        parse_data_entities=[] parse_data_intent={'name': 'goodbye', 'confidence': 0.5551561117172241} parse_data_text=Увидимся
2025-05-13 22:36:48 DEBUG    rasa.core.processor  - Logged UserUtterance - tracker now has 52 events.
2025-05-13 22:36:48 DEBUG    rasa.core.actions.action  - Validating extracted slots: topic
2025-05-13 22:36:48 DEBUG    rasa.core.processor  - [debug    ] processor.extract.slots        action_extract_slot=action_extract_slots len_extraction_events=1 rasa_events=[SlotSet(key: topic, value: Увидимся)]
2025-05-13 22:36:48 DEBUG    rasa.engine.runner.dask  - Running graph with inputs: {'__tracker__': <rasa.shared.core.trackers.DialogueStateTracker object at 0x3926bad30>}, targets: ['select_prediction'] and ExecutionContext(model_id='b095e6e2d1734904be3868e3f8c66323', should_add_diagnostic_data=False, is_finetuning=False, node_name=None).
2025-05-13 22:36:48 DEBUG    rasa.engine.graph  - Node 'rule_only_data_provider' running 'RuleOnlyDataProvider.provide'.
2025-05-13 22:36:48 DEBUG    rasa.engine.graph  - Node 'domain_provider' running 'DomainProvider.provide_inference'.
2025-05-13 22:36:48 DEBUG    rasa.engine.graph  - Node 'run_MemoizationPolicy0' running 'MemoizationPolicy.predict_action_probabilities'.
2025-05-13 22:36:48 DEBUG    rasa.core.policies.memoization  - [debug    ] memoization.predict.actions    tracker_states=[{}, {'user': {'intent': 'greet'}, 'prev_action': {'action_name': 'action_listen'}}, {'user': {'intent': 'greet'}, 'prev_action': {'action_name': 'utter_greet'}}, {'user': {'intent': 'ask_architecture'}, 'prev_action': {'action_name': 'action_listen'}}, {'user': {'intent': 'ask_architecture'}, 'prev_action': {'action_name': 'utter_architecture_response'}}, {'user': {'intent': 'ask_architecture'}, 'prev_action': {'action_name': 'action_listen'}}, {'user': {'intent': 'ask_architecture'}, 'prev_action': {'action_name': 'utter_architecture_response'}}, {'user': {'intent': 'request_info'}, 'prev_action': {'action_name': 'action_listen'}}, {'user': {'intent': 'request_info'}, 'prev_action': {'action_name': 'utter_ask_more'}}, {'user': {'intent': 'ask_architecture'}, 'prev_action': {'action_name': 'action_listen'}}, {'user': {'intent': 'ask_architecture'}, 'prev_action': {'action_name': 'utter_architecture_response'}}, {'user': {'intent': 'request_info'}, 'prev_action': {'action_name': 'action_listen'}}, {'user': {'intent': 'request_info'}, 'prev_action': {'action_name': 'utter_ask_more'}}, {'user': {'intent': 'ask_architecture'}, 'prev_action': {'action_name': 'action_listen'}}, {'user': {'intent': 'ask_architecture'}, 'prev_action': {'action_name': 'utter_architecture_response'}}, {'user': {'intent': 'request_info'}, 'prev_action': {'action_name': 'action_listen'}}, {'user': {'intent': 'request_info'}, 'prev_action': {'action_name': 'utter_ask_more'}}, {'user': {'intent': 'goodbye'}, 'prev_action': {'action_name': 'action_listen'}}]
2025-05-13 22:36:48 DEBUG    rasa.core.policies.memoization  - There is no memorised next action
2025-05-13 22:36:48 DEBUG    rasa.engine.graph  - Node 'run_RulePolicy1' running 'RulePolicy.predict_action_probabilities'.
2025-05-13 22:36:48 DEBUG    rasa.core.policies.rule_policy  - [debug    ] rule_policy.actions.find       current_states=
[state 1] user intent: greet | previous action name: action_listen
[state 2] user intent: greet | previous action name: utter_greet
[state 3] user intent: ask_architecture | previous action name: action_listen
[state 4] user intent: ask_architecture | previous action name: utter_architecture_response
[state 5] user intent: ask_architecture | previous action name: action_listen
[state 6] user intent: ask_architecture | previous action name: utter_architecture_response
[state 7] user intent: request_info | previous action name: action_listen
[state 8] user intent: request_info | previous action name: utter_ask_more
[state 9] user intent: ask_architecture | previous action name: action_listen
[state 10] user intent: ask_architecture | previous action name: utter_architecture_response
[state 11] user intent: request_info | previous action name: action_listen
[state 12] user intent: request_info | previous action name: utter_ask_more
[state 13] user intent: ask_architecture | previous action name: action_listen
[state 14] user intent: ask_architecture | previous action name: utter_architecture_response
[state 15] user intent: request_info | previous action name: action_listen
[state 16] user intent: request_info | previous action name: utter_ask_more
[state 17] user text: Увидимся | previous action name: action_listen
2025-05-13 22:36:48 DEBUG    rasa.core.policies.rule_policy  - There is no applicable rule.
2025-05-13 22:36:48 DEBUG    rasa.core.policies.rule_policy  - [debug    ] rule_policy.actions.find       current_states=
[state 1] user intent: greet | previous action name: action_listen
[state 2] user intent: greet | previous action name: utter_greet
[state 3] user intent: ask_architecture | previous action name: action_listen
[state 4] user intent: ask_architecture | previous action name: utter_architecture_response
[state 5] user intent: ask_architecture | previous action name: action_listen
[state 6] user intent: ask_architecture | previous action name: utter_architecture_response
[state 7] user intent: request_info | previous action name: action_listen
[state 8] user intent: request_info | previous action name: utter_ask_more
[state 9] user intent: ask_architecture | previous action name: action_listen
[state 10] user intent: ask_architecture | previous action name: utter_architecture_response
[state 11] user intent: request_info | previous action name: action_listen
[state 12] user intent: request_info | previous action name: utter_ask_more
[state 13] user intent: ask_architecture | previous action name: action_listen
[state 14] user intent: ask_architecture | previous action name: utter_architecture_response
[state 15] user intent: request_info | previous action name: action_listen
[state 16] user intent: request_info | previous action name: utter_ask_more
[state 17] user intent: goodbye | previous action name: action_listen
2025-05-13 22:36:48 DEBUG    rasa.core.policies.rule_policy  - There is a rule for the next action 'utter_goodbye'.
2025-05-13 22:36:48 DEBUG    rasa.engine.graph  - Node 'run_TEDPolicy2' running 'TEDPolicy.predict_action_probabilities'.
2025-05-13 22:36:48 DEBUG    rasa.core.policies.ted_policy  - TED predicted 'utter_goodbye' based on user intent.
2025-05-13 22:36:48 DEBUG    rasa.engine.graph  - Node 'select_prediction' running 'DefaultPolicyPredictionEnsemble.combine_predictions_from_kwargs'.
2025-05-13 22:36:48 DEBUG    rasa.core.policies.ensemble  - Made prediction using user intent.
2025-05-13 22:36:48 DEBUG    rasa.core.policies.ensemble  - Added `DefinePrevUserUtteredFeaturization(False)` event.
2025-05-13 22:36:48 DEBUG    rasa.core.policies.ensemble  - Predicted next action using RulePolicy.
2025-05-13 22:36:48 DEBUG    rasa.core.processor  - Predicted next action 'utter_goodbye' with confidence 1.00.
2025-05-13 22:36:48 DEBUG    rasa.core.processor  - [debug    ] processor.actions.policy_prediction prediction_events=[<rasa.shared.core.events.DefinePrevUserUtteredFeaturization object at 0x39284b4f0>]
2025-05-13 22:36:48 DEBUG    rasa.core.processor  - [debug    ] processor.actions.log          action_name=utter_goodbye rasa_events=[BotUttered('До свидания! Если появятся вопросы по архитектуре ПО, обращайтесь.', {"elements": null, "quick_replies": null, "buttons": null, "attachment": null, "image": null, "custom": null}, {"utter_action": "utter_goodbye"}, 1747150608.998373)]
2025-05-13 22:36:48 DEBUG    rasa.engine.runner.dask  - Running graph with inputs: {'__tracker__': <rasa.shared.core.trackers.DialogueStateTracker object at 0x3926bad30>}, targets: ['select_prediction'] and ExecutionContext(model_id='b095e6e2d1734904be3868e3f8c66323', should_add_diagnostic_data=False, is_finetuning=False, node_name=None).
2025-05-13 22:36:48 DEBUG    rasa.engine.graph  - Node 'rule_only_data_provider' running 'RuleOnlyDataProvider.provide'.
2025-05-13 22:36:48 DEBUG    rasa.engine.graph  - Node 'domain_provider' running 'DomainProvider.provide_inference'.
2025-05-13 22:36:48 DEBUG    rasa.engine.graph  - Node 'run_MemoizationPolicy0' running 'MemoizationPolicy.predict_action_probabilities'.
2025-05-13 22:36:48 DEBUG    rasa.core.policies.memoization  - [debug    ] memoization.predict.actions    tracker_states=[{}, {'user': {'intent': 'greet'}, 'prev_action': {'action_name': 'action_listen'}}, {'user': {'intent': 'greet'}, 'prev_action': {'action_name': 'utter_greet'}}, {'user': {'intent': 'ask_architecture'}, 'prev_action': {'action_name': 'action_listen'}}, {'user': {'intent': 'ask_architecture'}, 'prev_action': {'action_name': 'utter_architecture_response'}}, {'user': {'intent': 'ask_architecture'}, 'prev_action': {'action_name': 'action_listen'}}, {'user': {'intent': 'ask_architecture'}, 'prev_action': {'action_name': 'utter_architecture_response'}}, {'user': {'intent': 'request_info'}, 'prev_action': {'action_name': 'action_listen'}}, {'user': {'intent': 'request_info'}, 'prev_action': {'action_name': 'utter_ask_more'}}, {'user': {'intent': 'ask_architecture'}, 'prev_action': {'action_name': 'action_listen'}}, {'user': {'intent': 'ask_architecture'}, 'prev_action': {'action_name': 'utter_architecture_response'}}, {'user': {'intent': 'request_info'}, 'prev_action': {'action_name': 'action_listen'}}, {'user': {'intent': 'request_info'}, 'prev_action': {'action_name': 'utter_ask_more'}}, {'user': {'intent': 'ask_architecture'}, 'prev_action': {'action_name': 'action_listen'}}, {'user': {'intent': 'ask_architecture'}, 'prev_action': {'action_name': 'utter_architecture_response'}}, {'user': {'intent': 'request_info'}, 'prev_action': {'action_name': 'action_listen'}}, {'user': {'intent': 'request_info'}, 'prev_action': {'action_name': 'utter_ask_more'}}, {'user': {'intent': 'goodbye'}, 'prev_action': {'action_name': 'action_listen'}}, {'user': {'intent': 'goodbye'}, 'prev_action': {'action_name': 'utter_goodbye'}}]
2025-05-13 22:36:48 DEBUG    rasa.core.policies.memoization  - There is no memorised next action
2025-05-13 22:36:48 DEBUG    rasa.engine.graph  - Node 'run_RulePolicy1' running 'RulePolicy.predict_action_probabilities'.
2025-05-13 22:36:48 DEBUG    rasa.core.policies.rule_policy  - [debug    ] rule_policy.actions.find       current_states=
[state 1] user intent: greet | previous action name: action_listen
[state 2] user intent: greet | previous action name: utter_greet
[state 3] user intent: ask_architecture | previous action name: action_listen
[state 4] user intent: ask_architecture | previous action name: utter_architecture_response
[state 5] user intent: ask_architecture | previous action name: action_listen
[state 6] user intent: ask_architecture | previous action name: utter_architecture_response
[state 7] user intent: request_info | previous action name: action_listen
[state 8] user intent: request_info | previous action name: utter_ask_more
[state 9] user intent: ask_architecture | previous action name: action_listen
[state 10] user intent: ask_architecture | previous action name: utter_architecture_response
[state 11] user intent: request_info | previous action name: action_listen
[state 12] user intent: request_info | previous action name: utter_ask_more
[state 13] user intent: ask_architecture | previous action name: action_listen
[state 14] user intent: ask_architecture | previous action name: utter_architecture_response
[state 15] user intent: request_info | previous action name: action_listen
[state 16] user intent: request_info | previous action name: utter_ask_more
[state 17] user intent: goodbye | previous action name: action_listen
[state 18] user intent: goodbye | previous action name: utter_goodbye
2025-05-13 22:36:48 DEBUG    rasa.core.policies.rule_policy  - There is a rule for the next action 'action_listen'.
2025-05-13 22:36:48 DEBUG    rasa.engine.graph  - Node 'run_TEDPolicy2' running 'TEDPolicy.predict_action_probabilities'.
2025-05-13 22:36:49 DEBUG    rasa.core.policies.ted_policy  - TED predicted 'action_listen' based on user intent.
2025-05-13 22:36:49 DEBUG    rasa.engine.graph  - Node 'select_prediction' running 'DefaultPolicyPredictionEnsemble.combine_predictions_from_kwargs'.
2025-05-13 22:36:49 DEBUG    rasa.core.policies.ensemble  - Predicted next action using RulePolicy.
2025-05-13 22:36:49 DEBUG    rasa.core.processor  - Predicted next action 'action_listen' with confidence 1.00.
2025-05-13 22:36:49 DEBUG    rasa.core.processor  - [debug    ] processor.actions.policy_prediction prediction_events=[]
2025-05-13 22:36:49 DEBUG    rasa.core.processor  - [debug    ] processor.actions.log          action_name=action_listen rasa_events=[]
2025-05-13 22:36:49 DEBUG    rasa.core.tracker_store  - No event broker configured. Skipping streaming events.
2025-05-13 22:36:49 DEBUG    rasa.core.lock_store  - Deleted lock for conversation 'PractikumStudent'.